time,600,602.5,605,607.5,610,612.5,615,617.5,620,622.5,625,627.5,630,632.5,635,637.5,640,642.5,645,647.5,650,652.5,655,657.5,660,662.5,665,667.5,670,672.5,675,677.5,680,682.5,685,687.5,690,692.5,695,697.5,700,702.5,705,707.5,710,712.5,715,717.5,720,722.5,725
-5,0.14901,-0.041478,0.19431,0.45691,-0.070244,-0.070238,0.47377,0.23023,-0.14084,0.16277,-0.13902,-0.13971,0.072594,-0.57398,-0.51747,-0.16868,-0.30384,0.094278,-0.2724,-0.42369,0.4397,-0.067731,0.02026,-0.42742,-0.16331,0.033278,-0.3453,0.11271,-0.18019,-0.087508,-0.18051,0.55568,-0.0040491,-0.31731,0.24676,-0.36625,0.062659,-0.5879,-0.39846,0.059058,0.22154,0.05141,-0.034694,-0.090331,-0.44356,-0.21595,-0.13819,0.31714,0.10309,-0.52891,0.097225
-4.5,-0.11552,-0.20307,0.18352,0.30932,0.27941,-0.25173,-0.092727,0.099422,0.29271,-0.1437,-0.055639,-0.33184,-0.3588,0.24382,0.40693,-0.021546,0.30111,0.10854,-0.19349,0.10846,0.46144,-0.010719,0.46942,-0.7859,0.24659,0.026127,-0.089692,0.027536,-0.59627,-0.065898,0.10714,0.44337,-0.15548,-0.24255,-0.15053,0.27462,0.098626,-0.15893,0.15398,0.029124,0.29059,-0.21062,-0.098298,-0.11763,-0.43905,0.088836,0.078317,0.0015341,-0.070376,-0.42461,-0.12619
-4,-0.10274,-0.24058,-0.048247,0.1214,0.56609,0.052658,0.077607,-0.021934,-0.57518,-0.0074523,0.018609,0.73954,-0.057133,0.091035,-0.0098595,-0.35008,0.34334,0.22603,0.23771,-0.27246,0.42115,-0.42028,0.17629,0.65733,-0.297,-0.16976,0.029994,-0.15097,-0.46515,0.020605,-0.31867,0.14209,-0.27582,0.46499,-0.23497,-0.096614,0.24406,-0.36926,0.068241,0.39215,-0.48224,0.055392,0.077967,0.23455,-0.37108,-0.39614,0.15658,0.089097,0.075149,0.10394,-0.20401
-3.5,0.070215,0.088668,-0.2133,0.56105,0.14382,-0.35533,0.19945,-0.2895,0.23942,0.35122,-0.24229,0.29311,0.12801,0.25077,0.57307,-0.06978,-0.22254,-0.26357,-0.24176,-0.020462,0.10471,0.085075,0.24994,0.005404,0.4373,-0.078406,0.81682,0.18827,-0.25673,-0.32098,0.14494,-0.066907,0.21429,0.14203,-0.021803,-0.254,-0.45442,-0.13393,0.25695,0.064252,-0.3737,0.051975,0.11561,-0.26514,0.046133,0.017476,-0.34288,0.10735,0.16824,0.32492,0.31615
-3,-0.41022,-0.27708,0.16025,0.16165,0.16407,1.1676,0.18547,0.35727,0.30507,0.21627,-0.072155,0.25117,-0.2079,-0.047213,-0.12243,0.046656,0.71508,-0.54109,0.22328,-0.46811,-0.12755,0.33906,0.030036,-0.31417,-0.20699,0.21,-0.21434,0.068528,0.016278,-0.19365,0.64444,0.19103,-0.60696,0.05635,-0.19822,0.25598,-0.23754,-0.034221,0.15168,0.2599,-0.35993,-0.1002,-0.14235,-0.19587,0.52975,0.12159,-0.37818,0.27543,0.63671,0.30979,-0.45577
-2.5,-0.13134,0.39936,-0.18635,0.1671,0.27558,-0.22467,0.046345,-0.89734,-0.22203,0.01851,-0.27292,0.59594,-0.32061,-0.023959,0.14454,0.53306,-0.33608,0.43682,0.083772,-0.22099,0.20488,0.11877,-0.12826,0.065454,-0.078331,0.064306,0.22237,0.49377,-0.35821,0.64921,-0.57919,-0.041121,0.17957,0.086526,-0.18509,-0.061008,-0.14664,-0.17566,0.25595,0.10811,-0.20694,0.27074,0.092982,0.24458,0.18953,-0.24813,-0.16755,0.22462,0.18348,-0.0059559,0.035462
-2,0.4332,-0.10839,0.25711,0.061004,0.089442,0.52098,0.47766,0.51293,0.69727,0.34423,0.56822,0.28802,0.4867,0.34968,0.40896,0.54305,0.099161,0.94987,-0.0032497,-0.089633,0.59793,0.46338,0.38764,0.36247,0.1433,-0.14889,0.11781,-0.13068,0.34588,-0.0060286,-0.22101,-0.077863,0.13704,-0.15935,-0.23894,0.079646,0.079323,-0.14671,-0.13628,0.074329,-0.43002,-0.41816,-0.2118,-0.060647,0.09631,0.4453,0.25966,-0.045936,-0.0039525,-0.29927,-0.0043113
-1.5,0.055782,0.29395,0.017157,0.50296,0.90139,0.5134,0.77697,0.97442,0.75202,1.0321,1.0425,1.1188,0.88295,1.1225,1.2428,1.4897,1.2915,1.5928,0.65703,1.0882,0.81909,1.3552,0.38486,0.2989,0.29019,-0.24911,0.15143,0.0097415,0.22136,0.22961,0.65288,0.34889,-0.12683,-0.23435,0.17609,-0.37148,0.57166,0.37447,-0.12137,-0.49573,0.42318,-0.018597,0.3858,-0.46522,-0.16806,0.011995,0.023229,-0.1271,0.19364,-0.31454,-0.037905
-1,0.36174,0.60521,0.82034,0.45664,0.54977,1.6323,1.6014,1.531,2.4616,2.2434,2.7331,2.5185,3.1793,3.0958,2.4555,2.7471,2.5523,2.6612,1.8487,2.2284,2.2172,1.2352,1.2512,0.81613,1.1508,1.2419,1.2757,0.66137,0.96736,-0.064843,-0.25996,0.16465,0.24992,0.095425,-0.53281,0.050102,-0.32104,0.26666,0.17196,-0.22362,-0.099597,-0.2672,0.02756,0.32859,-0.25801,0.18465,-0.12977,-0.21247,-0.010354,-0.29215,-0.15067
-0.5,0.243,1.4234,1.1331,1.2589,1.9326,2.2769,2.712,3.4329,3.9223,3.9312,4.2375,4.5553,4.0756,4.3457,5.1658,5.1491,4.4495,4.5536,4.3272,5.0032,4.239,3.647,3.1237,2.5907,2.7422,2.0306,1.4045,1.2382,0.75983,1.3075,0.85063,0.43042,0.77415,0.28839,-0.032657,0.65894,0.34862,-0.13519,0.10933,-0.10577,-0.26799,0.41397,0.69766,-0.30635,0.27043,-0.10517,-0.067225,-0.10934,-0.20061,0.064173,-0.20774
0,0.99363,1.2484,1.6289,1.9529,2.6576,3.7275,4.3604,4.6309,5.633,6.4325,6.2002,7.2249,7.0839,7.5463,7.1382,6.7551,6.7123,7.119,7.0912,6.6363,6.9417,5.9983,6.0928,5.2224,4.7373,4.2119,3.1811,2.6027,2.3849,1.39,1.4168,0.54372,0.85158,1.0046,-0.24287,0.21465,0.59735,0.3407,0.49225,0.17841,0.36273,0.26553,0.63672,0.33609,0.33424,0.082986,0.034768,0.027124,0.25274,-0.012459,0.18225
0.5,1.7747,1.8565,2.0493,3.17,3.4521,3.81,5.0159,5.6612,6.9795,7.8626,9.001,9.0814,9.245,9.7511,8.9378,9.7309,9.9587,9.3845,10.296,10.156,9.932,10.068,10.136,8.8187,7.9091,6.602,5.3258,4.7105,3.2091,2.6677,1.875,1.7129,1.3681,1.3879,0.80607,0.80488,0.5421,0.66173,0.86906,0.94153,0.39273,0.88166,0.97614,0.64057,1.0263,0.17859,-0.013373,-0.22163,0.71609,0.42268,0.17286
1,1.3255,1.3815,3.0479,3.0672,3.8862,4.9851,5.8805,6.7823,7.4161,8.6424,9.7843,10.194,10.698,10.392,10.527,11.084,11.509,12.279,11.956,13.403,13.219,13.172,12.642,11.671,11.253,9.5938,7.6263,6.0969,5.0142,4.4814,3.0319,2.0356,1.9946,1.7204,0.82828,1.5158,1.3871,1.5999,1.8799,1.5918,1.0945,0.75813,1.772,0.9249,0.81773,0.71409,0.69171,0.50461,0.2973,0.23349,0.32304
1.5,1.0147,1.417,2.2275,2.7972,4.1084,3.7308,5.7763,6.758,6.6644,8.0102,8.7227,9.0197,9.7242,10.098,11.461,11.823,12.687,13.442,13.898,15.05,16.105,15.941,16.334,15.273,13.922,12.548,10.576,8.454,7.2112,5.1276,4.5515,3.7682,2.9768,2.8356,2.1546,2.6703,2.2336,2.0368,2.4079,1.7706,1.4358,1.257,1.7634,1.0506,1.8132,0.51629,1.509,0.9299,0.7134,0.4653,0.64621
2,1.0078,1.7424,1.9347,2.5331,3.0583,3.9049,4.8177,5.0306,5.936,7.3074,7.8096,8.3128,8.9542,9.6682,10.134,10.989,12.45,13.493,15.433,16.277,18.3,18.835,18.802,18.317,17.15,15.085,12.101,10.132,8.3851,6.9624,5.8655,4.6034,4.2819,3.6191,3.421,3.0177,3.0297,2.7716,2.7428,3.1918,2.4123,3.2921,2.444,2.1382,1.6104,1.8663,1.279,1.2946,1.8458,0.88397,1.1091
2.5,0.6226,1.1441,2.0863,1.8485,3.1379,3.427,3.709,4.7475,5.5204,6.0573,6.0085,6.8559,7.6275,8.4148,9.5555,10.632,11.706,14.033,16.078,17.99,19.758,20.716,20.861,20.112,18.268,16.945,14.617,12.342,9.7842,8.0973,7.3965,6.1129,5.6907,5.0862,4.8233,4.9082,4.3104,4.3278,3.9728,3.7665,3.5628,3.4586,2.9685,3.1999,2.2636,2.1889,1.836,2.1394,1.5199,1.5469,0.59032
3,0.74322,1.1857,1.2626,1.9418,1.9127,2.9882,3.7895,3.5442,4.0743,5.1915,5.7759,5.7205,6.4126,7.2837,8.0566,9.6191,11.406,13.622,16.177,18.544,20.883,21.429,22.489,21.667,20.401,18.66,15.811,13.901,11.675,9.9702,8.5276,8.1962,6.6151,6.2282,5.9254,5.7401,5.5268,5.8703,5.7034,4.8323,4.4447,4.4976,3.8313,3.8158,3.3128,2.4286,2.9916,2.7289,1.6925,1.4728,1.4163
3.5,0.62274,0.92168,1.5793,1.2272,1.3944,1.6164,2.2396,2.898,3.9061,3.6823,4.3995,4.8852,5.9316,7.233,7.5269,9.1422,11.627,13.91,16.861,19.039,20.955,22.775,23.575,23.157,21.831,20.085,17.822,15.527,13.144,11.097,9.8139,9.1584,7.9061,7.8471,7.3398,7.247,7.4074,6.8384,6.5081,5.751,6.0031,5.5567,5.57,4.3718,4.0695,3.6247,3.5849,2.6679,2.3938,2.1389,1.6941
4,0.27726,0.62853,1.0916,0.70231,1.3312,1.398,2.3121,1.864,2.5387,3.2287,4.0394,4.0932,4.6478,6.329,6.6272,8.1245,11.09,13.373,16.009,19.279,21.528,22.996,23.579,24.022,22.827,20.771,19.127,15.948,13.696,12.186,11.041,10.187,9.4218,9.2001,8.4434,9.0221,8.3254,8.4044,7.8342,7.4709,7.0533,6.5213,6.0534,5.7153,4.8272,4.4405,3.679,3.6434,2.5483,2.8704,1.9389
4.5,-0.10464,0.48898,0.40427,1.0524,0.82919,1.1462,0.99464,1.7302,1.467,2.0816,3.208,3.7471,4.3512,4.9186,6.5503,8.3675,10.296,13.777,16.509,19.065,21.665,23.565,23.819,24.279,23.137,21.319,19.409,17.822,15.443,13.393,12.461,11.819,11.093,10.457,9.9771,10.143,9.7898,9.6221,9.1558,8.8206,7.8221,7.8036,6.8571,6.7895,5.3241,5.4247,4.358,3.5296,3.0461,2.6067,2.3903
5,0.41432,0.18565,0.47665,1.2803,1.3372,1.1575,1.2702,1.5511,1.9838,1.8202,2.4491,2.5478,3.8868,4.9691,6.0241,8.4972,9.996,12.679,16.186,19.407,22.219,23.525,25.028,24.734,23.809,22.531,20.462,17.702,16.694,15.076,13.278,12.758,12.251,11.832,11.332,11.052,10.963,10.968,10.342,9.5469,9.2962,7.5582,8.0642,6.4811,6.1721,5.233,4.493,4.5783,3.4836,3.1732,2.5558
5.5,0.34863,0.30903,0.002721,0.81095,0.51185,0.36424,0.89727,1.6956,1.7521,1.693,2.0741,2.5967,4.038,4.5509,5.9818,8.0471,10.183,12.828,15.89,18.954,21.65,23.908,24.844,25.204,24.205,22.798,20.317,19.238,17.27,15.987,13.715,14.456,13.302,13.36,12.472,12.72,11.917,11.657,11.932,10.722,10.182,9.6506,8.7647,7.8614,7.1197,6.9366,5.431,4.7817,4.36,3.7573,3.2244
6,0.357,-0.11236,0.80329,0.071316,0.6283,0.45463,0.82748,1.1372,1.3618,1.6725,2.3977,2.5575,3.0705,4.4607,5.955,7.1272,10.06,12.899,15.66,19.214,21.481,23.652,24.785,25.108,24.151,22.739,21.944,19.407,17.706,15.999,15.449,14.566,15.026,14.554,13.816,14.448,13.744,12.93,11.746,12.547,10.715,9.8379,9.7871,9.3324,8.1288,7.0084,6.1734,5.4511,4.6783,3.8537,3.1873
6.5,0.11564,-0.038381,0.17178,-0.16719,0.4139,0.26902,0.37859,0.93459,1.5065,1.63,1.2407,1.9172,3.2172,3.6689,5.324,7.4527,9.379,12.503,15.128,18.404,21.425,22.984,24.891,25.123,24.802,23.545,22.34,20.32,18.64,17.573,16.799,16.053,15.678,15.208,15.007,14.534,15.14,13.787,13.377,12.679,12.372,11.145,10.682,9.1493,8.4706,7.1857,7.1619,5.2923,4.9321,4.2886,3.5557
7,0.054995,0.11598,0.2251,0.23938,0.66044,1.1406,0.43787,0.3495,0.92846,1.9834,1.318,2.5484,3.2778,3.6338,5.3924,7.5959,9.3591,12.193,15.117,18.032,20.893,22.886,24.625,24.853,24.79,23.245,22.424,21.086,18.871,18.478,17.939,16.691,17.241,16.654,16.12,16.063,15.891,15.262,14.783,13.603,13.079,11.668,11.063,9.7951,8.8074,8.3756,7.344,6.2631,4.8814,4.3168,4.0579
7.5,0.13479,0.82549,0.29621,0.29732,0.22345,0.45028,0.47995,0.8819,1.1409,0.86466,1.0448,1.3866,2.8035,3.3392,4.4351,7.0652,10.037,12.037,15.297,18.092,20.785,23.278,24.334,25.063,24.841,23.684,22.956,21.276,19.883,19.296,18.175,18.018,17.749,17.903,17.54,17.137,17.018,16.678,15.771,14.815,13.511,12.586,11.751,10.561,9.5794,8.5603,7.6476,6.4683,5.7055,4.7279,3.3498
8,-0.20355,0.067161,-0.21048,0.3863,0.73351,0.7249,0.40166,1.0482,0.82279,0.91787,1.1743,1.7569,2.4398,3.6178,5.0107,6.8078,9.246,12.184,15.079,17.339,19.752,23.002,23.781,24.773,24.372,23.468,23.102,21.995,20.522,19.069,19.097,19.023,18.26,18.619,18.397,18.322,17.799,16.933,16.89,15.645,14.723,13.393,12.414,11.117,10.157,9.5648,7.5224,6.3913,6.3315,4.9258,3.9762
8.5,0.37951,-0.086015,0.68062,0.38435,0.096205,0.96806,0.23897,0.77258,0.81177,1.3493,1.7632,1.79,2.2572,3.6213,4.6582,7.2828,8.9909,11.508,14.595,17.088,19.915,22.779,23.736,24.351,24.825,24.447,23.392,22.457,21.001,20.078,20.471,19.646,19.521,19.889,19.511,19.229,19.343,17.937,17.68,16.537,15.589,14.853,13.361,12.144,11.069,9.4193,8.1007,6.9246,5.6109,5.8686,4.0662
9,-0.0069717,0.0014575,0.21018,0.40657,0.47688,0.1172,0.33706,0.59698,0.60612,1.3969,1.3954,1.9508,2.6258,3.7674,4.8282,6.1724,8.9125,11.217,14.126,17.371,20.257,22.109,23.749,24.977,24.648,24.92,23.543,21.976,21.94,21.225,21.112,20.725,20.387,19.99,20.163,19.72,19.391,19.155,18.718,17.413,15.877,15.203,14.187,12.362,11.211,9.9803,8.509,7.7722,6.4555,5.624,4.3373
9.5,-0.077986,0.29279,-0.0050669,0.66559,0.081059,0.33822,0.64233,0.059167,0.12264,0.4253,1.5932,1.5278,3.1507,3.1899,4.752,6.9154,9.2435,11.83,14.394,17.204,19.737,22.01,23.201,24.003,24.463,24.107,23.4,23.02,22.442,21.695,21.821,20.905,21.146,20.949,20.489,20.774,20.341,20.224,19.167,17.711,17.471,16.066,14.582,13.002,11.434,10.282,9.437,8.4602,7.2264,5.5816,4.4603
10,0.090894,-0.46078,0.19539,0.092564,0.048001,-0.2232,0.49876,0.30512,0.27874,-0.0010242,1.1823,2.1978,2.8475,3.1748,4.4468,6.4916,8.197,11.105,14.01,16.967,19.201,21.384,22.803,23.768,24.265,24.262,23.942,22.841,23.002,22.098,21.973,21.694,21.197,22.18,22.036,21.482,21.155,20.662,19.218,18.532,17.785,15.911,15.034,13.152,12.3,10.771,8.9665,8.5394,6.7959,5.6993,5.0357
10.5,0.38977,-0.23968,0.11077,0.25765,0.38617,0.29688,0.22185,0.20282,0.64096,0.52372,0.2975,1.7772,2.5933,2.5625,4.2617,6.4407,8.9737,10.829,13.315,16.248,19.316,20.919,22.522,23.63,23.901,24.162,24.26,23.416,22.838,22.559,22.064,22.803,22.568,22.557,23.482,22.367,21.611,21.063,20.689,19.35,17.702,17.107,15.245,14.574,12.891,11.008,10.151,8.4842,7.5068,6.2866,4.888
11,-0.15043,0.3706,-0.012682,0.0022373,-0.11517,0.36307,0.94189,0.12145,0.61269,1.259,1.1388,1.7675,1.9816,3.3645,4.4504,6.4592,8.5771,11.411,13.464,16.109,18.637,20.674,22.555,23.438,24.079,24.475,23.55,23.867,23.633,23.036,22.404,22.927,23.595,23.247,22.881,22.784,22.739,21.987,20.881,19.784,18.559,17.059,16.392,14.335,13.308,11.933,10.359,8.5878,7.5892,6.3177,5.0248
11.5,0.13809,-0.2946,0.44081,-0.020091,0.22691,0.31552,0.23958,0.61167,0.45692,1.0905,0.75167,1.6592,2.8642,2.9042,4.2488,6.2301,8.1433,10.556,13.199,15.914,18.59,20.572,22.073,23.474,24.429,23.978,23.617,24.034,23.49,22.805,23.759,23.472,23.744,23.945,23.843,23.755,22.955,22.56,21.436,20.649,19.362,17.52,16.66,14.658,13.533,11.894,10.881,8.884,7.5635,6.4888,5.3469
12,0.27944,-0.42756,-0.23388,-0.20384,0.44839,0.74013,0.28221,0.38142,0.61705,1.1743,0.87287,1.6852,2.56,3.3257,4.4575,6.2918,7.1506,10.475,12.623,14.892,18.094,20.534,21.796,23.301,24.166,24.336,24.439,24.075,23.805,23.324,23.854,23.859,24.941,24.336,24.378,24.265,23.649,23.451,21.842,20.976,19.415,17.832,16.543,15.163,13.481,11.859,10.155,9.141,7.401,6.8785,5.5932
12.5,-0.39874,-0.036662,-0.14498,0.21038,0.56334,-0.3378,0.34596,0.38223,0.796,0.88833,0.92309,1.5122,2.0154,3.4712,4.3578,6.4801,7.8191,9.8844,12.137,14.624,17.154,19.88,21.683,22.282,23.767,23.709,24.009,24.462,24.278,24.037,24.043,23.902,24.548,24.822,24.554,24.571,24.163,23.367,22.307,21.417,20.192,18.292,17.509,15.471,13.907,12.539,10.874,9.6488,8.1073,6.6097,5.7965
13,-0.30523,0.087843,0.069679,0.05102,0.12139,-0.34098,0.1459,0.45761,0.64246,0.51605,1.5273,1.3436,2.5332,3.2511,4.11,6.363,7.358,10.202,12.668,14.693,17.742,19.407,21.314,22.575,23.269,23.997,24.204,23.557,24.598,23.898,24.966,25.281,24.867,25.215,24.982,25.012,24.508,24.117,23.326,22.195,20.276,18.914,16.909,15.556,14.458,13.047,10.642,9.3648,8.1672,7.0079,5.5544
13.5,0.1647,-0.087399,0.074693,0.27667,0.16125,0.092207,0.27753,0.40361,0.48432,0.74758,1.627,1.7681,2.1427,3.3075,4.1576,6.105,7.7089,9.7276,12.285,14.158,16.688,18.811,20.97,22.757,23.784,23.836,24.102,23.622,24.214,24.408,24.78,25.25,25.443,25.155,25.96,25.178,25.091,24.913,23.05,21.39,20.709,19.632,18.3,15.7,14.56,12.638,11.169,10.499,7.8643,7.1185,6.0369
14,0.36297,0.083846,0.17111,-0.0050118,0.23988,0.12023,0.49734,0.32019,0.70985,0.81783,1.4854,1.5812,1.6888,3.453,3.941,5.4814,7.3039,10.01,11.297,15.313,17.051,18.929,20.615,22.064,23.073,23.72,24.089,24.251,24.463,24.817,25.184,25.961,26.114,25.238,26.313,25.941,25.392,24.543,24.018,22.771,20.88,19.718,17.691,15.899,14.443,13.231,11.657,10.008,8.6594,7.3046,5.794
14.5,0.16668,0.29443,0.30486,0.46911,0.37175,0.32902,0.63273,0.42443,0.33387,0.77934,0.92458,1.391,2.1669,2.8132,4.076,5.0355,7.4339,9.4391,11.486,14.317,16.729,18.079,20.11,21.49,22.434,23.649,23.822,24.187,24.042,25.243,25.115,25.925,26.334,26.862,26.066,25.321,25.794,25.532,24.372,22.853,21.249,20.103,17.933,16.677,14.98,13.466,12.353,10.105,8.4033,7.2388,5.5367
15,-0.17136,-0.068508,-0.078632,0.15827,-0.08715,0.56051,0.31277,0.43109,0.50191,0.87651,1.396,1.3302,2.0023,2.9365,3.7211,5.2852,7.1168,9.5463,11.607,13.931,16.424,18.226,20.169,21.433,22.593,23.092,23.093,24.251,25.169,25.493,25.991,26.531,26.558,26.81,26.58,26.441,26.229,25.65,24.245,22.927,21.652,20.278,18.01,16.043,14.841,12.939,11.51,10.062,8.5222,7.7687,6.2379
15.5,0.12721,0.24098,-0.26294,0.42453,0.13729,0.42609,-0.0077184,-0.030699,0.84747,0.94448,0.87803,1.3261,2.5268,2.6475,4.5746,5.1896,7.3434,9.0343,11.513,13.47,15.847,17.991,19.468,21.431,22.154,23.058,23.46,23.531,24.763,26.077,26.123,26.377,26.7,27.021,27.201,26.455,26.649,25.768,24.756,23.436,21.885,20.511,18.814,16.801,14.991,13.475,12.25,9.8408,8.3088,7.4593,6.2195
16,0.089112,0.1276,0.011912,0.56005,-0.31976,-0.022822,0.28401,-0.056016,0.55107,1.3314,1.1548,1.6525,1.8002,2.7961,3.9266,5.2945,7.4308,9.1527,10.806,13.473,15.779,18.038,19.964,20.652,21.857,22.603,23.611,24.432,25.174,25.444,25.951,26.621,26.745,27.873,26.793,27.106,27.161,25.789,24.708,23.41,22.026,20.907,18.143,17.522,14.875,13.488,11.764,10.483,8.3497,7.6164,6.8684
16.5,-0.37178,0.11144,-0.11953,0.24118,0.16677,0.034057,0.46244,0.97965,0.54808,1.05,0.76015,1.2922,2.3087,3.4029,4.1036,5.227,6.9428,8.4662,11.133,13.436,15.234,17.278,19.295,20.575,21.873,23.458,23.52,24.163,24.723,25.782,26.127,26.546,27.579,27.873,27.304,26.701,27.065,25.785,25.198,23.113,22.523,20.294,19.175,17.201,15.137,13.553,12.193,10.42,9.0745,8.13,5.8414
17,0.52242,0.085955,-0.19036,-0.28535,0.10479,0.50373,0.27882,0.89294,0.17129,0.83124,0.77156,1.6837,2.4215,2.8079,3.1738,5.3129,6.9728,8.8219,11.14,12.627,15.32,17.506,18.412,20.553,21.532,22.648,23.602,24.089,24.737,25.64,25.965,26.555,27.546,27.275,27.863,27.581,26.425,25.963,25.489,23.57,22.267,20.936,19.32,17.238,15.349,14.195,12.59,10.752,8.9852,7.3458,6.1044
17.5,0.19408,0.18029,0.49995,0.30918,-0.28894,0.54347,0.018545,0.32546,0.68272,1.434,2.0789,1.7516,2.0884,3.0707,4.1797,5.0902,7.2812,8.6321,10.74,12.931,14.995,17.135,18.496,20.044,21.143,22.643,23.626,24.325,25.447,25.679,26.579,26.668,27.36,27.973,28.07,27.508,27.074,25.86,25.167,24.268,22.707,21.067,19.209,17.415,15.419,14.057,12.264,10.666,8.8532,6.9857,6.7191
18,-0.10625,-0.20395,0.28768,-0.0032922,0.48036,0.41355,0.52377,0.031706,0.97196,0.9137,1.0334,1.607,1.5981,3.0091,3.5633,4.7149,6.1886,8.7625,10.228,12.979,14.465,16.111,18.086,20.339,21.216,22.182,23.328,24.279,25.27,26.148,26.337,26.689,27.461,27.962,27.652,27.437,27.326,26.425,25.404,23.888,22.572,20.739,19.552,17.806,15.138,13.634,11.747,10.373,9.0288,7.2331,6.1438
18.5,-0.26373,0.11716,0.10059,-0.10199,0.21575,0.064903,0.23778,0.94414,1.0109,0.44509,1.3909,1.8014,1.7736,3.108,4.2924,4.7191,6.2748,8.6027,10.328,12.478,14.492,16.487,17.767,20.041,21.403,22.108,23.147,23.598,25.064,25.899,26.472,27.493,27.57,28.149,27.736,27.821,27.274,26.608,25.38,24.168,22.976,20.966,18.878,18.088,16.166,13.579,12.449,10.458,9.1676,7.7857,6.3747
19,-0.19762,-0.15211,-0.19495,-0.13484,0.1428,0.014518,0.5243,0.88867,0.43487,0.90603,1.2892,1.6931,2.1276,3.0609,3.9348,4.6206,6.7172,8.4351,9.8516,12.122,14.364,16.058,18.235,20.197,20.606,21.591,23.124,24.193,24.803,26.162,26.116,27.413,27.552,28.569,28.718,27.678,27.241,26.877,25.451,24.266,22.804,20.584,19.413,17.409,15.651,14.441,11.902,10.885,9.0321,7.6366,6.7014
19.5,0.13956,0.22629,0.37044,0.015435,-0.020545,-0.09608,0.072297,1.3274,0.98207,0.42774,0.73942,1.6891,2.2553,2.9783,3.673,4.8913,6.4631,8.0691,9.2528,11.845,13.678,15.93,18.561,19.362,20.537,22.107,23.044,24.012,25.003,26.326,26.188,27.376,27.499,28.271,27.901,27.842,27.377,26.97,25.899,23.96,22.863,20.993,19.083,17.589,15.741,14.767,12.436,10.251,8.9664,8.0439,7.105
20,-0.43824,-0.50885,0.64131,0.23177,-0.097277,0.38995,-0.47074,0.44356,0.70649,1.1088,0.8284,1.5628,1.7995,2.8656,3.4405,4.7443,5.976,8.1158,10.018,11.651,13.724,15.204,17.333,19.004,21.206,21.319,23.199,24.085,24.842,26.205,26.632,27.362,27.785,28.503,28.542,27.817,27.108,26.655,25.42,24.35,23.251,21.1,19.476,17.697,16.111,13.385,12.142,10.743,9.5091,7.6011,5.925
20.5,0.22347,-0.13548,-0.27687,-0.072411,0.10785,0.048116,-0.34179,0.71135,0.98979,1.0251,0.78726,1.4688,2.0607,2.9438,3.8694,4.5852,6.211,7.9374,10.043,11.746,13.734,15.431,17.607,18.911,19.952,21.894,22.825,23.545,24.54,25.721,26.637,27.299,27.899,28.659,28.551,28.081,27.806,26.426,25.799,24.93,22.831,20.999,19.308,17.366,15.633,13.959,11.912,10.692,9.4267,7.4823,6.9486
21,0.19077,0.36428,-0.11736,0.3712,-0.16445,0.49647,0.37117,0.60767,0.25354,0.55887,1.3033,1.2365,2.1869,2.3291,3.8834,4.3751,6.2653,7.8702,9.2457,11.525,13.365,15.015,16.646,17.971,20.105,20.821,22.495,23.483,24.803,25.483,26.362,27.437,27.895,28.238,28.369,27.564,27.753,26.922,25.377,24.316,22.887,21.215,19.605,18.125,16.195,13.678,12.521,11.087,9.2731,8.0827,7.0972
21.5,0.34461,0.12984,0.39344,0.15819,0.17013,0.12371,0.78821,0.19541,1.0645,0.97476,0.69955,1.6226,1.4029,2.9018,3.8549,4.5075,6.0515,8.1535,9.1554,10.854,13.525,15.541,16.719,18.637,20.193,20.884,22.166,23.809,25.01,25.673,26.146,27.776,27.607,28.021,28.313,28.475,27.767,26.849,25.808,24.39,23.055,20.486,19.406,17.759,15.517,14.18,12.267,11.21,9.6243,7.6118,6.445
22,0.015259,-0.080529,0.1383,-0.11293,-0.17647,0.41558,0.50747,0.19869,0.87178,0.63241,1.1901,1.7494,2.0074,2.8254,3.3949,4.5674,5.869,7.2305,9.1098,10.532,12.732,14.648,16.413,18.038,19.564,21.064,22.416,23.114,24.04,25.11,26.2,27.023,27.492,27.695,28.039,28.031,27.659,26.528,25.517,24.073,22.854,20.967,19.646,17.132,15.737,14.14,12.37,11.48,9.2475,7.442,6.4547
22.5,-0.4955,0.030684,-0.17027,0.38896,-0.0024679,0.19326,0.12721,0.96048,0.5049,1.3684,1.3529,1.6385,2.1125,2.7819,2.9324,4.4845,6.1021,7.3293,8.6001,10.81,13.194,14.892,16.248,18.175,19.265,20.222,21.714,23.642,24.207,25.258,26.18,27.635,28.154,28.697,28.079,28.018,26.98,27.094,25.249,24.376,22.497,21.011,19.192,17.456,15.658,13.862,12.545,10.323,9.1939,8.096,6.3188
23,-0.17809,-0.014423,0.43337,0.1723,0.0026347,0.37288,-0.013678,0.64189,0.72172,0.72282,0.85125,1.2182,2.1464,3.0071,3.2805,4.6483,5.1417,7.0603,8.8743,10.385,12.209,14.106,16.135,17.615,18.496,19.909,21.644,23.169,23.345,25.079,26.025,27.403,27.48,28.08,28.105,27.229,27.606,26.659,25.697,25.437,22.152,21.66,19.315,17.687,15.772,13.869,12.098,10.731,8.6531,7.9393,6.3341
23.5,-0.30184,-0.080422,0.45638,-0.046856,0.26907,0.0077479,0.54338,0.64162,1.1514,0.75871,1.2973,1.5036,2.3586,2.3974,3.6566,4.3957,5.6692,7.1571,8.8242,10.46,12.366,14.573,16.126,17.717,18.825,20.089,21.944,23.147,24.484,24.937,26.016,26.406,27.395,28.185,27.847,27.986,27.246,26.622,25.134,24.222,21.82,21.031,18.862,17.917,15.978,14.1,12.693,10.319,9.6087,7.9737,6.3712
24,0.37775,-0.27748,-0.16838,-0.069201,0.0023091,-0.090702,0.6818,0.35663,0.69995,0.63624,0.54407,1.5449,1.3798,2.567,2.9842,4.9944,5.8839,7.0573,8.9954,10.08,12.28,13.957,15.697,17.624,18.976,20.252,20.989,22.444,23.871,25.027,25.638,27.521,27.873,27.976,27.919,27.644,26.934,26.466,25.477,23.749,22.748,20.976,18.719,17.243,15.572,14.484,12.366,10.171,9.2025,7.2063,6.7472
24.5,-0.10441,0.026119,0.47643,-0.27319,-0.25873,0.050328,0.62515,-0.023362,-0.25823,0.66772,1.2491,1.8134,1.798,2.4387,3.7027,3.7822,5.4173,6.9808,8.6217,10.025,11.946,12.951,15.211,17.168,18.258,19.992,21.445,22.472,23.818,24.584,25.798,26.871,27.36,27.517,27.865,27.823,26.508,26.698,25.21,24.165,22.928,20.538,19.011,17.354,15.407,14.389,11.9,10.368,9.0863,7.283,6.2813
25,0.13201,-0.045864,0.050361,-0.046291,-0.29459,0.32095,0.83876,0.43597,0.65604,1.0064,0.69582,1.9533,1.981,3.0262,3.0988,4.8341,5.691,6.9896,8.4304,9.9496,12.119,13.545,14.613,16.488,18.294,19.876,21.117,22.78,23.035,24.781,25.189,26.796,27.168,27.705,27.427,27.884,27.329,26.422,25.173,24.118,22.269,21.124,19.644,17.693,15.362,13.923,11.721,10.665,9.125,7.0529,6.0265
25.5,-0.048323,-0.036499,-0.28481,0.22871,0.23449,0.16517,0.084077,0.74294,1.0819,0.64879,0.8858,1.5789,1.796,2.4694,3.503,3.6621,5.7798,6.7475,8.1126,9.8473,11.574,12.791,15.449,16.63,18.281,19.876,20.649,22.391,23.389,24.851,24.962,26.41,26.891,27.586,27.706,27.169,26.687,26.101,24.835,24.094,22.274,19.906,18.955,16.986,15.025,13.384,12.09,10.847,9.0453,7.3993,6.4845
26,-0.10128,-0.15487,-0.26864,-0.41406,0.041308,0.26978,0.28027,0.30129,0.2983,0.97144,0.66693,1.6531,1.5858,2.2601,2.8038,4.0314,5.6041,6.7842,8.408,9.8837,11.084,13.023,14.567,16.813,17.588,19.667,21.043,22.63,23.189,24.663,26.144,26.118,26.477,26.761,27.649,26.688,26.663,26.144,25.043,23.858,22.347,21.065,18.693,17.014,15.21,13.941,12.272,10.535,9.2648,7.1926,6.8184
26.5,0.49323,0.27392,0.61181,-0.38607,0.00014083,0.00061784,0.52405,0.10866,0.80582,1.195,1.2631,1.4941,1.573,2.2064,3.5818,4.3633,5.2281,6.4098,7.3876,9.2617,11.822,12.554,14.661,16.515,17.371,19.262,20.874,21.913,24.011,23.795,25.629,26.107,27.027,27.316,27.076,27.184,26.084,26.064,24.952,23.804,22.487,20.689,18.928,16.867,15.151,13.979,12.372,10.277,8.8791,7.237,6.6385
27,0.23569,0.63532,-0.18664,-0.0030813,0.22605,0.41394,0.24117,0.15933,0.83941,0.99498,0.77187,1.804,2.2032,2.4754,3.1941,4.244,4.9108,6.4516,7.2329,9.7048,10.617,13.208,14.312,15.951,17.362,18.927,20.834,20.989,23.368,24.238,24.795,25.685,27.149,26.752,26.802,27.311,26.6,25.463,24.795,23.179,22.382,20.787,18.943,17.149,15.811,13.551,11.523,10.428,9.4439,7.164,6.1448
27.5,0.1608,0.03648,-0.21827,0.44625,0.85173,0.27755,0.032829,-0.04606,0.64866,1.1044,1.1814,1.385,1.6581,2.0822,3.3842,4.3009,4.6362,6.8286,7.9363,9.7235,10.522,12.169,14.176,15.969,17.892,19.034,20.151,21.25,23.184,23.683,25.486,25.765,26.966,27.083,26.952,26.662,26.247,25.728,24.614,23.176,21.878,20.377,18.039,17.082,14.903,13.129,11.305,9.6971,8.3619,7.2137,6.804
28,-0.12211,0.10566,0.19611,0.14836,0.13155,-0.14121,0.73744,0.9581,0.062632,0.4605,0.94683,1.0845,1.9694,2.1661,3.7473,4.3335,5.0954,6.5705,7.9837,8.9989,10.523,12.427,14.292,15.666,16.685,18.389,20.015,21.356,23.234,23.388,24.984,26.133,27.007,26.595,26.979,26.829,26.251,25.418,24.576,22.456,22.002,20.271,18.5,17.458,14.905,13.274,12.339,9.925,8.5515,7.3383,6.4334
28.5,0.097771,-0.33578,-0.084156,-0.073851,0.13064,0.34375,0.42566,-0.11963,0.88266,0.83781,1.4379,1.4952,2.1306,2.4994,3.4658,4.0833,4.9351,6.8565,7.8085,9.2073,10.231,11.845,13.936,15.476,16.78,18.481,20.327,21.406,22.123,23.598,24.42,25.4,26.032,26.404,26.287,26.453,25.862,24.411,24.909,23.398,21.549,20.113,18.1,17.248,15.583,13.359,11.975,10.164,8.2615,7.2131,6.1825
29,-0.10116,-0.013922,0.047584,0.083385,0.16848,-0.10361,0.083078,0.024939,0.85278,0.12457,1.3603,1.7658,1.6922,1.5535,2.9181,3.8582,4.5952,5.9342,7.8929,9.1044,10.185,11.584,13.569,15.178,16.921,18.086,19.817,21.595,22.531,23.44,24.431,25.234,26.336,26.184,26.503,26.334,25.71,24.714,24.233,22.904,21.672,19.817,18.699,16.368,15.43,12.701,11.723,10.189,8.3678,7.4165,6.487
29.5,-0.63008,0.20215,-0.67348,-0.18278,0.64051,0.03856,-0.05606,0.348,1.1757,0.20086,0.69043,1.787,2.3227,2.2785,2.6197,4.4578,5.3117,6.2079,7.0842,8.7624,10.266,11.996,13.923,15.319,16.258,18.469,19.569,21.035,22.544,22.941,24.296,25.002,25.331,26.296,27.063,25.589,25.677,25.149,24.011,22.734,20.988,19.913,17.982,15.863,15.174,13.424,11.53,10.047,8.8709,7.3074,6.3333
30,-0.054526,0.44456,0.17021,0.16439,-0.23032,0.29767,0.044387,0.2129,0.30645,0.42451,1.6347,1.725,2.324,1.9178,2.978,3.3931,4.5606,5.6457,7.5959,8.5328,10.489,11.915,14.002,14.426,16.77,18.21,18.994,20.945,22.021,23.023,23.876,24.762,26.231,26.007,26.36,25.721,25.273,25.107,23.402,22.485,21.239,19.738,18.029,16.523,14.921,13.266,11.139,9.8238,8.8475,7.4581,5.608
30.5,0.13991,-0.54287,0.087524,0.67473,-0.13477,-0.040263,0.521,-0.061519,0.35693,0.91724,0.7984,1.2426,1.9537,2.3865,3.0021,3.6322,4.8172,5.8024,7.2593,8.3796,9.9707,11.277,13.127,14.444,15.87,17.755,19.161,20.69,21.604,23.028,24.102,24.923,25.18,25.862,26.045,25.773,24.698,24.653,24.299,22.339,20.857,19.675,18.046,16.644,14.23,13.171,11.53,9.7951,8.5296,7.4468,6.2383
31,-0.30869,0.29627,0.053491,0.12648,0.17044,0.16338,0.64708,0.37309,0.20651,0.61409,1.0336,1.6698,1.894,1.9803,3.6335,3.7667,5.0267,5.7139,7.1818,8.6598,10.251,11.733,13.228,14.412,15.847,17.588,19.189,20.2,21.865,23.152,23.472,24.347,25.192,25.715,25.585,25.985,25.263,24.434,23.029,21.886,21.004,18.778,18.123,16.118,15.472,13.548,11.214,9.7329,8.6642,7.596,5.4409
31.5,-0.50196,-0.13677,0.24716,0.25288,0.46827,-0.15307,-0.40754,0.65243,0.28948,0.12038,1.0148,1.5266,1.659,2.0737,2.8062,3.53,4.1785,5.4661,7.0798,8.3859,9.7976,10.963,12.743,13.675,15.887,17.73,18.278,19.902,21.454,22.901,23.419,24.196,24.447,25.456,26.157,25.467,24.937,24.332,23.278,21.867,21.007,19.338,17.689,15.75,14.779,12.957,11.017,9.991,8.1525,6.7965,5.6592
32,-0.49763,0.19091,-0.47757,-0.26553,-0.4765,0.17938,0.2399,0.2938,0.22067,0.36797,1.1017,1.1111,1.7731,1.9211,2.8748,3.9867,4.6986,5.4793,6.904,8.1009,9.6142,11.011,12.582,14.215,15.353,16.809,18.114,19.407,20.799,22.38,23.091,24.36,24.848,24.634,25.54,25.428,24.45,24.172,22.842,21.967,20.218,18.582,17.43,15.88,14.156,12.302,10.975,9.6954,8.2234,7.0308,5.64
32.5,0.38493,-0.3038,0.21747,0.45674,0.28927,0.14278,0.12418,0.69938,0.102,0.42226,0.83428,1.6352,1.7748,1.8722,2.6942,3.3665,4.2505,5.8205,6.3205,8.5415,9.7272,11.286,12.329,13.933,15.039,16.771,18.49,20.086,20.639,22.027,23.115,23.586,24.812,24.803,25.081,24.847,24.313,23.851,22.849,21.65,20.214,19.062,17.901,15.832,14.46,12.139,11.053,9.2084,7.7278,6.6984,6.1518
33,0.31815,0.12155,-0.3892,0.042451,0.23432,0.25451,-0.27284,0.11815,0.50508,0.86779,0.2858,1.2028,1.6865,2.3935,2.9623,3.6812,4.165,4.8795,6.5209,8.2471,9.7661,11.025,12.435,13.919,15.123,16.704,18.655,19.223,21.262,21.844,23.359,23.38,24.605,24.592,24.508,24.843,24.651,23.404,22.277,21.556,20.239,18.975,17.547,15.642,14.602,12.521,10.812,8.976,8.0251,6.7626,6.0349
33.5,0.17161,-0.30557,0.1217,0.30194,0.60101,0.46639,0.50616,0.39994,0.63616,1.0753,0.53587,1.1342,1.3945,2.2285,3.0909,3.2836,3.6304,5.2546,6.8212,7.9977,9.348,10.582,11.763,13.79,14.861,17.215,18.137,19.14,20.4,21.715,22.687,23.932,24.277,24.384,25.29,24.584,24.375,23.277,22.645,21.496,19.529,19.258,17.505,15.41,13.597,12.453,10.851,9.487,8.0936,6.958,6.1329
34,0.20302,-0.26706,0.47819,0.59181,1.087,-0.13863,0.34836,-0.24607,0.68095,0.52954,1.5038,0.99422,1.1023,1.9497,2.0969,3.6448,3.6712,5.3143,5.8339,7.632,9.5863,10.632,11.731,13.458,14.94,16.519,17.369,19.301,19.577,21.354,22.41,23.58,24.018,23.97,24.215,24.419,23.915,23.086,22.2,21.429,19.769,18.468,17.623,14.97,13.253,12.479,10.529,9.2049,7.7332,6.6701,6.1296
34.5,0.27294,0.30608,-0.35605,-0.24659,-0.71159,-0.046139,0.56007,0.53025,0.44386,0.68082,0.71109,1.2756,1.8217,1.5828,2.7476,3.6566,4.1104,5.4447,7.2132,7.5903,9.0872,10.162,11.89,13.439,14.818,15.889,17.654,19.371,20.327,21.632,22.281,23.407,23.883,23.893,24.392,23.85,23.54,23.114,22.239,20.679,20.068,18.505,16.613,14.802,13.645,12.004,10.673,9.1106,7.2961,6.5729,5.5093
35,0.22211,-0.16246,0.57181,-0.47561,0.53224,0.12762,0.52848,0.3957,0.84746,0.56478,0.57918,1.6279,1.5408,2.1107,2.9965,3.0251,4.3585,4.9873,6.2422,7.5387,8.3971,10.011,12.088,13.403,14.568,16.088,17.317,19.148,19.936,21.212,22.49,22.738,24.054,23.503,24.57,23.821,23.447,22.286,21.817,20.538,19.394,18.131,16.963,15.19,13.66,11.701,10.281,9.6776,7.608,7.1272,5.4786
35.5,0.032415,0.36769,0.44916,0.063757,0.021167,0.17638,0.36952,0.63572,0.50212,0.86012,1.3913,1.3038,1.6514,1.5654,1.8056,3.4096,4.0972,4.9408,6.2694,7.3961,9.0655,10.135,11.309,13.272,14.35,15.994,17.077,18.355,19.825,20.945,22.083,22.68,22.821,23.616,24.102,23.629,23.235,22.944,21.543,20.2,19.353,17.863,16.236,14.94,13.594,11.919,10.542,9.6,7.6553,6.6542,5.3489
36,-0.22247,-0.12932,-0.076648,0.20396,0.8411,-0.023435,0.14067,0.34595,0.61484,0.74697,1.276,0.44915,0.82494,1.8493,2.8931,2.7823,3.1699,5.1987,6.1853,6.9861,8.3135,9.684,11.418,12.627,14.393,14.801,16.779,18.021,19.526,20.577,21.971,21.991,23.169,23.695,24.203,23.357,23.193,21.9,20.841,20.728,19.222,18.198,15.963,15.011,13.884,11.939,10.438,8.9759,7.2162,6.9175,5.2682
36.5,0.18249,-0.42319,-0.28748,0.52575,0.030921,0.62558,0.23969,-0.19114,0.75895,0.48438,1.0914,1.1723,1.0613,2.0246,3.1921,3.3594,4.0022,5.2831,6.0928,7.2766,8.1655,9.9132,11.549,12.406,14.504,15.454,16.586,18.468,19.321,20.764,21.436,22.317,23.087,23.396,22.827,22.947,23.161,22.194,21.202,19.877,18.722,17.073,16.193,14.538,12.91,11.684,10.368,9.5183,7.1627,6.7984,5.6929
37,-0.20287,0.10627,-0.071554,0.15003,0.58658,0.36948,0.41325,0.22887,0.041333,0.59225,1.2348,0.69433,1.191,1.9906,2.2075,2.9337,3.8405,4.485,5.656,7.3271,7.9866,9.2338,10.906,12.72,13.851,15.167,16.682,17.455,19.359,20.449,21.193,22.424,22.383,23.427,23.252,22.964,22.661,21.993,21.524,19.772,18.639,17.824,15.893,14.85,13.586,11.474,10.367,8.4608,7.7713,6.4499,5.4922
37.5,-0.16311,-0.45346,0.21609,-0.52559,0.037358,0.46836,0.31573,0.93899,0.7893,0.45206,0.87201,1.126,1.0162,1.6482,2.3047,2.521,3.9306,4.7551,5.3664,7.1412,8.4812,9.6534,10.855,12.524,13.949,15.224,16.24,17.873,19.373,19.952,21.736,21.75,22.513,22.666,23.051,22.322,22.288,21.488,20.998,20.202,18.882,16.635,16.531,14.53,12.719,11.531,10.119,8.5232,7.5326,6.1471,5.1782
38,-0.17562,-0.38537,0.10824,0.26812,0.28575,0.43018,0.35295,0.1912,0.72888,0.23442,0.58467,0.83881,1.7984,2.1909,2.5895,3.4144,3.6022,4.8706,5.752,7.1794,8.1213,9.3439,10.975,12.456,13.382,14.941,15.989,16.852,18.879,20.111,20.977,21.108,22.179,21.981,23.174,22.299,22.612,21.89,20.485,19.372,18.613,16.927,15.796,14.158,12.293,10.704,10.038,8.4709,7.2354,6.4772,5.6006
38.5,-0.05179,-0.05818,0.2139,-0.31545,0.19695,0.34797,0.4572,-0.23349,0.24379,0.37165,0.87592,1.2602,1.907,1.7375,2.2647,3.3992,3.9052,5.0835,5.7987,6.4852,7.6472,8.8699,10.873,12.4,13.975,15.041,16.476,17.24,18.277,19.981,20.814,21.511,22.182,22.522,22.926,22.793,22.182,21.649,20.708,19.382,18.555,16.595,15.928,13.805,12.788,11.009,10.039,8.5451,6.8509,6.3337,5.0241
39,0.29402,0.043965,0.18185,-0.19655,-0.048079,0.043007,0.50763,0.84727,0.22587,0.95165,0.18615,0.74563,1.1541,1.4584,1.9098,3.1402,3.7029,4.7552,5.843,6.8205,8.1374,9.1923,10.182,12.212,13.084,14.338,15.895,16.953,18.304,19.628,20.585,20.995,21.7,22.526,22.467,22.807,22.156,21.528,19.935,19.558,18.132,16.68,15.509,14.308,12.728,10.889,9.9982,8.2799,7.3222,6.0554,5.0807
39.5,0.25926,-0.26892,0.64616,-0.4565,-0.051863,0.28986,0.4234,0.31044,0.44543,0.74524,0.75887,1.5098,1.6773,2.1043,2.0663,2.9549,3.6287,4.2787,5.6689,6.4895,8.0312,8.7718,10.92,11.478,13.168,14.688,15.599,17.297,17.866,19.758,20.276,20.871,21.538,22.225,21.921,21.739,21.519,20.621,20.695,18.967,18.217,16.741,15.01,13.883,12.688,10.985,10.036,8.6935,7.4608,5.9475,4.7713
40,-0.15499,0.10157,0.22571,-0.56255,0.12372,0.22442,0.16233,0.72449,0.58442,1.0086,0.75457,1.3612,1.9,2.2145,2.0001,2.8655,3.5676,4.6672,5.693,6.3105,7.7512,8.3683,10.704,11.448,12.962,14.19,15.938,16.005,18.037,19.09,19.928,21.354,21.143,21.992,21.981,22.121,21.169,20.544,20.276,19.072,17.324,16.349,15.267,13.997,12.124,10.056,9.7382,7.9368,6.5078,5.1746,5.2883
40.5,0.06738,-0.025428,0.47805,0.27922,0.60976,-0.24263,0.23271,-0.15137,0.38431,0.53451,0.99856,1.0817,1.5805,2.0108,2.9462,2.8103,3.3418,4.5351,5.1737,6.9195,7.5437,8.6878,9.9995,11.674,12.743,13.925,15.919,16.415,17.86,19.117,19.367,20.766,20.874,21.786,21.363,21.73,21.484,20.812,19.821,18.683,17.434,16.785,14.788,13.295,12.403,10.581,9.1992,7.7857,6.8961,5.9385,5.066
41,0.31389,0.19991,0.0034542,0.027659,0.27664,0.55516,0.27847,0.18945,0.15053,0.16908,1.0017,1.2297,1.5509,1.7401,2.694,2.7235,3.8644,4.3914,5.1603,6.5668,7.651,8.8494,10.036,11.306,13.354,14.309,15.462,16.523,17.96,18.877,19.657,20.317,20.948,20.367,21.493,21.156,21.414,20.349,19.187,18.546,17.114,16.319,14.932,13.755,11.841,10.72,8.9778,8.3452,7.1247,6.0511,4.9425
41.5,0.15264,0.52271,-0.025438,0.12781,-0.20352,-0.08888,0.26742,0.65792,0.36678,0.52544,0.67106,0.88414,1.4505,1.3086,2.6287,2.6334,3.7486,3.9647,5.473,6.5061,7.5443,8.3305,9.9596,10.822,12.41,14.1,15.312,16.312,17.174,18.716,19.448,19.5,20.99,21.09,21.57,20.754,19.767,20.218,19.429,17.863,16.954,16.837,14.6,13.548,11.759,9.9719,9.2396,7.9713,6.7773,5.8072,4.9704
42,-0.017121,-0.33823,0.20532,-0.49949,-0.49406,0.39156,0.38769,0.30608,0.020323,0.37744,0.70564,0.55415,1.1247,1.9329,2.6454,2.6719,3.7139,3.7149,5.4008,5.9801,7.4237,8.4428,10.155,10.776,12.524,13.547,14.854,16.071,17.023,18.32,19.218,20.056,20.563,21.117,21.265,20.548,20.766,19.569,19.317,18.365,16.495,15.872,14.399,12.962,12.235,10.293,8.9522,7.9901,7.0313,5.7384,5.1902
42.5,0.18691,-0.61292,-0.099997,-0.084123,0.26359,-0.61942,0.99781,0.47918,0.47893,0.93791,1.479,1.2826,1.6156,1.7559,2.1479,2.6201,3.1947,4.0273,4.7295,6.1165,6.73,8.4642,9.6246,10.946,12.031,14.394,15.14,15.573,17.158,17.944,18.727,19.37,20.451,20.454,21.059,20.943,20.703,19.461,19.083,18.179,16.748,15.446,14.87,13.12,11.897,10.133,8.7322,7.7132,6.717,5.4012,4.7867
43,-0.47922,-0.2959,0.2595,0.26468,0.0009489,-0.13908,-0.077592,0.20448,0.62296,0.85557,0.61834,0.66383,1.396,1.4494,2.0083,3.1261,3.6468,4.2259,4.6858,6.122,7.4595,8.1856,9.9188,11.155,12.539,13.404,14.74,16.193,17.035,17.78,18.693,19.633,19.719,20.397,20.878,19.77,20.537,19.845,18.603,17.962,16.713,15.882,14.53,12.494,11.759,10.208,9.0269,7.5825,7.2075,5.9721,4.5172
43.5,-0.37334,-0.076009,0.18796,0.15471,0.49319,0.40145,0.51904,0.41112,0.0081694,0.51209,1.0768,0.98302,1.4514,1.5807,1.8286,2.6575,3.4481,3.9277,4.9303,5.6972,7.3833,8.1029,9.8288,11.093,11.871,12.854,13.771,15.15,16.302,18.149,18.659,19.469,19.226,19.863,20.597,20.296,19.819,19.471,19.033,17.544,16.556,15.406,14.802,12.148,11.665,10.126,9.0766,7.5209,6.5974,5.8135,5.6228
44,0.26916,-0.21515,-0.070139,-0.054257,-0.4227,0.063686,0.44556,-0.072584,0.73488,0.71086,0.53008,0.9447,1.765,1.8765,2.1142,2.5897,3.3357,3.9176,4.3043,6.5134,7.0022,8.2052,9.2567,10.282,11.696,12.522,14.914,15.045,16.219,17.409,18.809,19.148,19.307,20.382,20.332,20.156,19.866,19.814,19,17.216,16.845,15.299,14.084,12.133,11.286,9.8084,9.0598,7.957,5.9191,5.5336,4.9754
44.5,-0.02954,0.25757,0.16173,0.18339,0.033353,-0.20402,-0.11319,0.51913,0.42158,0.51674,0.61479,0.88438,1.5846,1.5362,1.6835,2.8509,3.2092,4.028,5.3537,5.8175,6.9519,7.628,9.0909,10.555,11.143,12.908,14.097,15.253,16.656,17.448,18.665,18.638,19.506,19.816,19.576,20.066,20.137,18.885,18.299,17.26,15.968,14.475,13.572,12.087,11.727,9.9097,8.6129,7.8204,6.1346,5.2506,4.6094
45,0.33481,0.18893,0.13026,0.10345,0.23358,0.21971,-0.088148,0.3168,0.089069,0.57643,0.58943,1.7266,1.2438,1.1961,2.0202,2.7509,3.7311,3.7899,4.3333,5.9927,6.3617,7.7483,8.9638,10.223,11.676,12.491,13.822,15.064,16.206,17.185,18.152,18.982,19.372,19.712,19.206,19.58,19.373,18.904,17.743,16.851,15.835,15.019,13.945,12.248,11.367,9.8738,8.5851,7.4085,6.6252,5.5191,5.2221
45.5,-0.22977,0.19344,-0.1036,-0.18164,0.10901,0.19868,1.0939,0.24441,0.067581,0.62786,0.10296,0.92617,1.2459,1.8365,2.3275,2.4118,3.143,3.6859,4.4071,5.7657,6.306,7.6537,8.6284,10.282,11.87,12.155,13.186,14.859,15.985,17.031,17.689,18.464,19.154,19.674,18.88,19.241,19.085,18.207,18.275,16.673,15.821,14.864,13.309,11.681,10.845,10.039,8.4276,7.1367,6.6093,5.2632,4.3369
46,0.070447,0.26882,0.76907,0.32645,0.45899,0.0039584,-0.091732,0.31504,0.43427,0.21629,0.66456,1.0626,1.3347,1.7303,2.0979,2.3788,2.9936,3.5057,5.2194,5.603,6.534,7.3997,9.6949,9.6698,11.064,12.521,13.762,15.013,16.342,16.928,17.308,18.243,18.927,19.77,18.834,19.501,18.866,18.532,17.531,16.426,15.885,14.733,13.631,12.098,10.674,9.1557,8.6812,7.437,5.9726,5.1423,4.3008
46.5,-0.41957,-0.20812,-0.28619,-0.046329,-0.11179,-0.33407,0.82042,0.66882,0.16393,0.61551,0.83424,1.2893,0.96664,1.8878,1.8217,2.0987,3.3251,4.2029,5.3997,5.1664,6.7257,7.4571,8.938,9.4269,10.678,12.017,13.448,14.364,15.818,16.896,17.609,18.602,18.751,18.574,19.451,18.748,18.879,18.551,17.505,16.047,15.213,14.773,13.142,11.992,10.962,9.7265,8.4263,7.1669,6.0997,5.5029,4.5581
47,-0.052141,0.3614,0.01465,-0.17894,-0.11909,-0.1413,0.12955,0.65991,0.15166,0.5843,0.50391,0.84307,0.74497,1.4753,1.9037,2.6304,3.1355,3.4072,4.8888,5.5178,6.4914,7.4803,8.438,9.8112,11.065,11.579,13.105,14.313,15.52,16.759,17.003,17.766,18.266,18.489,18.727,18.952,18.084,18.008,16.666,16.145,15.218,14.72,12.965,11.176,10.016,9.4227,8.4347,7.2623,6.1754,5.5363,4.1816
47.5,0.29324,-0.45324,-0.21872,-0.4664,0.024942,0.13675,0.24315,0.30512,0.1105,0.46471,0.24367,1.3195,1.0928,1.3763,2.4145,2.0649,2.692,3.3896,4.4842,5.5136,6.5709,8.1591,7.8102,9.8077,10.623,11.783,12.925,13.95,15.772,16.469,17.048,18.12,17.761,18.122,17.969,18.303,18.244,17.712,17.031,15.709,15.388,14.132,13.122,11.137,10.591,8.9517,8.0398,7.2306,6.0845,4.8746,4.2972
48,-0.43497,0.38104,-0.0094062,0.41043,-0.051763,-0.0081253,-0.02268,0.54619,0.17155,0.70923,0.57021,0.30712,0.99882,1.151,1.9243,2.0502,3.2692,3.6436,4.3932,5.5113,6.5564,7.2871,8.1468,8.9737,10.453,11.631,12.989,13.955,15.299,15.848,16.832,17.871,18.113,18.296,18.234,18.116,17.738,17.322,17.023,15.886,14.573,14.434,12.854,11.152,10.248,9.2375,8.5794,6.6591,6.2824,5.4927,4.0588
48.5,-0.059034,-0.27534,-0.0094437,0.063048,0.3029,0.47433,-0.020175,-0.31006,0.37365,0.59803,0.75189,0.79143,1.1935,1.9413,2.0053,2.2653,2.8035,3.573,4.8802,5.1909,6.1807,7.0555,8.6024,9.9761,10.664,11.7,12.816,13.18,15.143,15.89,16.787,17.105,17.693,17.985,18.514,17.987,18.416,17.417,16.226,15.735,14.615,13.089,13.095,11.656,10.425,9.1508,7.5631,6.7681,6.1751,4.7007,3.4403
49,-0.044184,-0.0073743,0.091683,0.29175,0.29511,0.22325,0.56061,-0.17872,0.52708,0.69209,0.29738,0.42818,0.91861,1.2703,2.0936,2.1634,2.6594,3.3942,4.6683,5.1822,6.0533,7.0754,8.5562,9.047,10.795,11.598,12.606,14.483,14.431,15.562,16.099,17.409,18.114,18.406,18.37,17.838,17.482,16.592,17.032,15.737,14.496,13.991,12.182,11.438,10.097,9.1904,7.8689,6.4002,5.8786,5.2743,4.1439
49.5,0.25621,-0.2789,0.04256,-0.11499,0.32674,0.15342,0.40668,0.60014,0.5789,0.58028,0.36203,0.86792,0.96891,1.3478,1.7324,2.0246,2.2923,3.3316,4.3351,4.7072,6.0335,7.588,8.3728,9.6499,10.391,11.747,12.287,13.38,13.755,15.845,16.743,16.763,17.332,17.476,17.914,18.033,16.87,17.024,16.153,15.454,14.616,13.383,12.302,11.124,10.326,9.0229,7.8651,6.377,5.6763,5.1732,4.1171
50,0.22127,0.56432,0.36145,0.099493,-0.051811,-0.62373,0.14687,0.1729,0.48427,0.44643,0.5577,0.32474,0.83343,1.5765,2.3369,2.2605,2.9416,3.7728,3.9789,5.156,5.7294,7.1882,8.0099,9.1329,9.9134,11.472,12.981,13.112,14.306,15.38,16.331,16.568,16.36,17.909,17.826,16.972,17.013,17.18,16.487,15.527,14.262,13.312,12.154,11.4,9.6581,8.5547,8.0136,6.6684,6.1378,4.6466,4.0428
50.5,-0.25358,0.03618,-0.39426,-0.075559,-0.33055,0.34889,0.41011,-0.25148,0.76311,1.2361,0.66001,0.65613,1.9494,1.0206,1.8058,2.3151,3.2109,3.5505,4.0185,4.6958,5.7728,6.5386,7.8788,8.7621,9.576,11.501,12.06,12.876,14.19,15.155,15.386,16.644,16.7,17.815,17.554,17.176,16.776,16.488,16.054,15.064,14.086,13.154,11.873,10.833,9.1823,8.9885,7.7125,6.3737,6.2287,4.819,3.7022
51,0.2799,0.153,0.16711,-0.057803,0.23433,0.060576,0.35968,-0.30695,0.2286,0.99792,0.40855,0.65731,0.95461,1.0347,1.1153,2.1639,2.8128,3.3831,4.0713,4.9302,6.107,6.6967,7.5934,8.7363,10.076,11.414,11.876,13.131,14.176,14.661,15.733,15.915,16.288,17.214,17.083,17.159,16.8,16.038,15.675,14.53,14.407,12.579,11.858,10.498,9.8672,8.4977,7.3803,6.7863,5.6034,4.8932,3.6729
51.5,-0.39883,0.065361,-0.047476,0.25705,0.074075,0.19903,-0.29633,0.82802,0.30535,0.68496,0.38037,0.92097,0.68514,1.5178,1.6491,2.2141,2.9465,2.9858,3.8568,4.9915,6.3556,6.6267,7.8455,8.6792,10.363,10.333,11.949,12.459,13.158,14.875,15.588,16.081,16.594,17.837,16.924,17.055,16.418,16.232,15.437,14.606,14.376,13.191,11.821,9.996,9.4768,9.3096,7.3804,6.7865,5.9631,4.7497,3.6693
52,-0.70824,0.23807,-0.1968,0.12117,-0.27803,0.056354,0.1986,0.33904,0.016064,0.82922,0.44472,0.31642,1.0304,1.3758,1.7825,2.5865,2.6317,3.2771,3.6793,5.0383,5.7083,6.4576,7.0005,9.0366,9.2928,10.549,11.886,12.435,13.3,13.976,15.582,15.816,17.313,16.415,16.529,16.538,16.495,15.817,15.514,14.267,13.257,12.15,10.978,10.409,9.3847,8.2116,7.737,6.7498,5.3665,4.092,3.7068
52.5,-0.15785,-0.1647,-0.16224,-0.1285,-0.02016,-0.056306,0.24881,0.36358,0.073245,0.84598,0.32244,0.32372,1.1646,1.1037,1.8095,1.4297,3.0864,3.4726,3.5089,4.2873,6.0826,6.279,7.2266,7.8168,9.4376,10.529,11.852,12.223,13.13,14.579,15.489,15.324,16.569,16.532,16.94,16.494,15.476,15.729,15.472,14.124,13.397,12.491,10.641,10.944,9.0954,8.456,7.2531,6.6852,5.5258,4.5063,3.5641
53,0.2612,-0.52997,0.2403,-0.26295,0.47038,0.18119,0.37739,0.2771,-0.18331,0.201,0.81092,0.84945,1.3921,1.4535,1.402,1.8852,2.666,2.5352,4.4106,4.803,5.878,5.9438,7.7565,9.0607,9.0297,10.7,11.499,12.029,13.575,14.525,14.83,15.961,15.556,15.881,16.461,16.332,15.831,15.835,15.138,14.484,13.32,12.58,11.244,10.938,9.0138,8.8399,7.2055,5.8223,5.7519,4.5617,4.0432
53.5,0.38875,0.13308,-0.13168,0.3587,0.093823,0.33702,-0.46411,0.38366,0.14683,0.94983,0.78894,0.8619,1.1712,1.0168,2.1582,2.6951,2.7199,3.6657,3.688,4.3718,5.452,6.4673,7.1724,8.4485,9.4024,10.042,11.516,12.604,13.32,14.453,14.47,15.57,15.519,15.806,16.04,15.853,15.695,15.347,15.056,13.965,12.727,12.597,10.995,10.185,9.2842,8.173,7.4399,6.3064,5.0212,5.1251,3.8022
54,-0.022862,0.3205,0.12029,0.18499,0.84016,0.047196,0.084562,0.28163,0.6559,-0.003463,0.0052281,0.6044,0.52282,1.1729,1.8014,1.8043,2.1413,3.169,4.0684,4.0437,5.6167,6.5019,7.4854,8.55,9.8569,10.11,11.257,12.073,13.112,14.401,14.259,14.992,16.098,16.258,15.932,16.204,15.778,15.682,14.656,14.206,13.842,12.292,11.13,10.301,8.9344,8.7353,7.083,6.0092,4.9675,4.7487,3.9606
54.5,-0.12812,0.20389,-0.40764,0.11995,0.22726,0.64042,-0.053456,-0.13974,0.06189,0.042243,0.98884,1.2358,1.0969,1.6509,1.6706,2.0173,2.4371,3.0152,3.2969,4.5735,5.2903,6.4012,7.1371,8.0341,8.8221,10.114,11.311,11.709,12.983,13.847,14.275,14.895,15.571,15.426,15.959,15.493,15.811,15.756,14.205,13.896,12.679,12.284,10.606,10.111,8.6767,7.8634,6.6378,6.2669,4.9064,4.5336,3.5541
55,-0.013497,0.074925,-0.18414,0.12682,0.54946,-0.10671,0.52725,0.69034,0.081786,0.0014653,0.67146,0.59778,1.5493,1.2793,1.3697,1.6762,2.8322,2.8977,3.7266,4.7238,5.0898,6.0859,7.015,8.1877,9.1493,9.904,10.975,11.797,12.36,13.692,14.888,14.63,15.089,15.32,15.886,15.712,15.264,14.603,14.322,13.106,12.789,12.093,10.482,9.3902,9.308,7.6494,7.2067,5.9036,5.0486,4.4486,3.3494
55.5,0.06035,-0.084207,-0.35226,0.1642,0.01031,0.078127,-0.1894,0.7155,0.5858,0.72205,0.48233,0.23412,1.5627,1.2351,1.3659,2.1203,2.8239,3.0233,4.0499,4.7055,4.8458,5.8205,7.2193,7.0699,8.8171,9.4196,10.681,11.677,12.544,13.289,13.822,15.407,15.701,15.05,15.96,15.275,15.171,14.686,13.929,13.712,12.635,11.55,10.339,9.4666,8.2383,7.7448,6.4266,5.8005,5.4486,4.6263,3.5626
56,-0.0057663,0.59385,0.1996,-0.036122,-0.33955,0.24192,0.4204,0.045776,0.40633,0.3186,0.51192,-0.0024924,0.89847,1.529,1.3815,1.9862,2.216,3.1001,3.5549,4.0432,5.5029,6.2254,6.6638,7.9352,8.9143,9.9217,10.186,11.928,12.33,13.188,14.776,14.637,14.847,14.557,15.72,14.811,14.654,14.433,14.386,13.491,12.402,11.648,10.424,9.6623,8.6503,7.941,6.9961,5.9594,4.8697,4.439,3.5028
56.5,-0.30445,-0.091453,0.068216,0.33455,0.032156,-0.24045,0.1866,0.26653,0.37095,0.69856,0.86604,0.55666,0.76849,0.91098,1.7612,2.3806,2.3176,2.8818,4.014,4.4218,5.1694,5.5145,6.9633,7.4106,8.3053,9.5066,10.389,11.42,11.92,13.425,14.157,13.791,15.08,14.796,15.38,15.015,14.787,14.306,14.16,12.731,12.485,11.75,10.695,10.205,8.3682,7.8476,6.5953,6.1129,4.9176,4.0505,3.8807
57,-0.12759,-0.39463,-0.1127,0.24647,0.5038,0.1542,0.56304,-0.17771,0.17848,0.331,0.5193,0.75132,1.1491,1.0747,1.5742,1.9082,2.1041,2.8828,3.4856,4.1665,4.9843,5.8205,6.5454,7.9757,8.1884,9.2772,11.271,11.037,11.798,13.202,13.032,14.134,15.256,14.398,14.35,14.409,14.874,14.529,13.48,13.154,12.575,11.822,10.282,8.7048,8.1801,7.3432,6.4713,5.6188,5.1976,4.5001,3.3962
57.5,0.34919,0.13614,0.061205,0.33201,0.10684,0.73678,-0.26593,0.072472,0.26981,0.54443,0.92743,0.71004,0.50371,1.4461,1.7401,1.3153,2.3509,2.4031,3.2846,3.8917,5.1546,5.7599,6.2059,7.7637,8.0041,9.4768,10.067,11.102,12.21,12.983,13.894,14.012,14.531,14.555,14.823,14.815,14.403,13.483,13.572,12.905,11.81,10.767,10.677,9.4317,8.2581,7.0419,6.2251,5.9989,4.8458,3.9039,3.5599
58,-0.2249,0.47875,0.4472,-0.080637,-0.10444,-0.66742,-0.28084,-0.17751,0.34466,0.3098,0.13689,0.62437,1.0707,1.3371,0.92501,1.8358,1.9076,3.1144,3.6752,3.8405,4.62,5.5144,5.8333,7.5075,8.2486,9.5544,9.8566,10.892,11.462,12.373,12.978,14.169,14.058,14.549,14.479,14.128,14.211,14.038,12.951,12.887,11.617,10.875,10.272,8.9754,8.2396,7.2013,6.4339,4.8276,4.1987,4.2058,3.6779
58.5,-0.25396,-0.045047,0.12928,0.2666,-0.52514,-0.14919,0.061916,0.4326,1.05,0.3344,0.11191,0.82085,1.3042,1.1967,1.2045,2.1384,2.4925,2.5002,3.5109,4.357,5.1431,5.5617,6.3204,7.683,7.8649,9.2819,9.6516,11.264,11.694,12.903,13.321,13.338,14.526,14.805,14.685,14.109,14,13.738,12.945,13.002,11.775,10.079,10.095,8.9613,8.1083,7.0986,6.5614,5.812,4.7763,3.8715,3.3144
59,0.024837,-0.2129,0.21406,0.19595,0.54431,0.49184,-0.045936,0.46511,0.011608,0.60676,0.37261,0.38474,0.98092,0.34772,0.93297,1.7747,2.2895,2.6619,2.8797,3.7612,4.8454,5.686,6.3426,7.5711,8.2459,8.8143,9.8564,10.391,11.598,12.706,13.223,13.963,13.84,14.573,14.191,14.608,13.918,13.744,13.442,12.288,11.658,11.147,9.8344,8.5618,8.6771,6.9827,6.2919,5.7579,4.4531,3.6238,3.3634
59.5,-0.51919,-0.058876,0.11341,-0.02374,-0.38184,0.59211,0.18892,0.64575,0.21534,0.12921,0.602,0.61862,0.53267,1.5769,1.2536,1.2532,2.6349,2.5865,3.1289,3.4263,5.1907,5.0554,6.2857,7.4082,8.1531,8.9101,9.3094,10.439,11.547,11.988,12.922,13.585,14.054,13.633,14.739,14.228,13.759,13.697,13.554,11.768,11.387,9.9188,9.8147,8.9611,7.9269,6.8425,5.5551,5.4588,5.0171,3.7021,3.3802
60,-0.45193,0.16433,-0.078589,-0.17216,-0.14788,-0.0055806,0.27071,-0.17983,0.1707,0.37605,0.18526,1.2141,0.61916,0.92126,1.129,2.3223,2.3743,2.4224,3.6013,3.9662,4.6867,5.2705,5.965,7.1472,7.7642,9.3638,9.3198,11.013,11.319,12.168,12.958,13.032,13.86,13.022,13.696,13.554,13.219,13.147,12.808,12.265,11.39,10.306,9.7513,8.7833,8.1249,7.1881,6.1056,5.0138,4.33,3.6683,3.1149
60.5,0.098703,0.2414,0.02362,0.060726,0.12226,-0.043612,-0.1235,-0.31537,0.077816,0.52577,0.29789,0.59556,1.0045,1.2645,1.0811,2.0598,2.519,2.3304,2.9811,4.214,4.5074,4.6404,5.6926,6.8836,7.4811,8.5869,9.5923,10.863,11.128,12.255,12.984,13.493,13.524,13.08,13.884,13.981,13.409,13.577,12.798,12.081,11.509,10.48,8.7777,8.4919,8.1096,6.6297,5.9566,4.9065,5.0071,4.2919,2.906
61,0.062259,-0.17762,0.22297,0.20812,0.32183,0.2094,1.0329,-0.099644,-0.23026,0.26128,0.032222,0.21108,0.55362,0.81809,1.1012,1.8942,2.0017,2.582,3.4558,3.5781,4.4148,5.3495,5.4538,6.1566,7.8373,8.7518,10.085,10.346,11.326,11.731,12.494,13.406,12.64,13.629,14.222,13.588,13.768,12.709,12.381,11.778,10.384,9.9057,9.0826,8.785,7.9195,6.8871,6.1989,5.1083,4.7791,3.7448,3.1507
61.5,-0.061825,0.23154,-0.088331,0.34749,-0.26226,-0.22116,0.35667,0.17967,0.14336,0.64166,0.31437,0.59077,1.2634,1.5431,1.8422,1.6325,2.4958,2.3181,2.8753,3.0549,4.9394,4.9148,5.9229,6.5137,7.8467,8.3861,8.9592,10.306,10.516,11.396,11.624,12.324,13.172,12.754,12.974,13.341,12.951,13.341,12.792,11.367,11.084,10.358,9.1198,7.9875,7.5625,6.6567,5.7497,5.2285,4.1404,3.3518,3.1285
62,0.13343,-0.3271,0.316,-0.47724,-0.096978,0.02981,-0.042228,0.034233,0.83748,0.11486,1.2229,0.77406,0.86092,1.2109,2.1125,1.3977,1.7639,2.3436,3.1174,3.1949,4.3884,5.6172,5.9319,6.6148,7.3585,8.6642,8.9889,10.604,11.394,11.584,12.105,12.908,13.289,12.942,13.1,12.785,13.079,12.79,11.69,11.351,10.382,9.7423,9.3529,8.115,7.3852,6.14,5.8661,5.0215,4.0946,3.5964,3.1128
62.5,-0.22703,-0.4173,0.57879,-0.13672,0.04651,0.40918,1.2056,-0.17205,0.40778,0.15339,0.32296,0.41904,0.48543,1.0425,0.89445,1.9588,2.0903,2.6646,2.9288,3.5557,4.4129,4.6959,5.7056,6.3615,7.1837,7.6587,9.5258,9.7222,11.032,11.689,11.577,12.12,13.573,13.55,13.089,13.1,12.612,12.569,11.735,10.74,10.26,9.8981,8.738,8.2148,7.0634,6.3139,5.9962,5.0486,4.2586,3.8729,3.1662
63,0.45119,-0.11268,-0.092215,-0.33772,-0.054064,0.39408,0.53508,0.48697,-0.26871,0.68618,-0.07283,0.89682,0.70273,1.2527,0.92054,2.0053,1.6084,2.3054,2.7306,3.0935,4.3006,5.5237,6.5405,6.5664,7.6939,8.2596,9.1623,9.7049,10.613,11.392,11.645,12.274,12.633,13.116,12.621,12.851,13.221,12.639,12.211,11.221,10.625,10.074,9.4363,7.5506,6.9024,6.8628,5.5882,4.713,3.834,3.3993,2.5649
63.5,0.64434,0.018238,0.018849,0.22841,0.36244,0.38716,0.46542,0.0072234,0.17693,0.58757,0.3147,0.61821,0.92275,1.2647,0.77066,1.8478,1.9522,2.6868,3.225,4.0566,4.6246,5.3234,6.1019,6.5435,7.2778,8.3513,9.1222,9.5955,10.548,11.085,11.419,12.536,12.515,13.328,12.298,12.545,12.505,12.483,11.784,11.172,10.064,9.3082,8.9571,7.6289,7.0496,6.5423,5.3083,5.337,4.5268,3.0515,2.67
64,-0.66893,-0.21011,0.26571,-0.072811,0.21108,-0.35456,0.381,0.027572,0.26672,0.32468,0.085711,0.26627,1.0836,1.1362,1.6029,1.7104,2.04,1.9257,2.8733,3.5211,4.7515,5.0639,6.0589,6.5552,6.965,8.0252,8.8646,9.2885,10.184,10.899,12.016,11.378,12.71,12.279,12.22,12.913,12.564,12.372,11.764,11.563,10.444,9.492,8.8564,8.3143,6.8885,6.1195,5.4428,4.1655,4.1509,2.9147,2.9301
64.5,0.27619,-0.11869,0.5385,-0.38741,0.42934,0.30345,-0.37491,1.005,0.24076,0.085024,0.039372,0.53872,0.74536,1.0348,1.1826,1.783,1.8558,1.8324,2.8725,2.7747,4.2194,4.5032,5.5773,6.691,6.8051,8.2103,8.5562,9.9797,10.065,10.576,11.601,11.726,11.946,12.265,12.465,12.81,11.615,11.858,11.572,10.871,10.545,9.4016,8.5926,8.0232,7.0662,6.1218,5.6236,4.5433,3.8766,3.2801,3.285
65,-0.9499,0.14276,0.045221,-0.45414,0.16401,0.24242,0.3151,-0.60611,0.66666,0.12272,0.66186,0.81967,0.51098,1.1898,1.1405,0.95179,2.2978,2.1502,2.6243,3.3202,4.1433,4.7197,5.6238,5.8168,6.7794,7.7601,9.1493,9.3043,10.376,10.708,11.112,11.64,12.001,12.44,12.741,12.365,12.404,11.418,11.123,10.465,10.124,9.2024,8.7625,7.4715,6.9644,6.3696,4.7831,5.3183,3.926,2.7895,2.8917
65.5,0.026237,-0.00078274,0.33187,0.27375,0.1596,0.23353,0.10523,0.71979,-0.19013,0.38176,0.46984,0.83404,0.51134,0.45633,1.2877,1.638,2.3701,1.9717,3.1909,4.1081,3.8973,4.2904,5.2692,6.1457,7.0848,7.5217,8.9414,8.8902,9.4068,10.899,10.438,11.511,12.841,12.107,11.843,12.092,11.887,11.614,11.31,10.241,10.415,9.2711,8.6583,7.4686,7.2533,6.0119,5.4206,4.3453,3.6633,3.5624,2.6768
66,-0.24014,-0.16946,0.24378,-0.13979,0.034089,0.1018,-0.44032,-0.25646,0.35143,0.11463,0.76187,0.87289,0.97087,1.5133,1.2004,1.729,1.7239,3.0591,3.4039,3.3588,4.0763,5.0269,5.2799,5.8682,7.0924,7.6279,8.4259,8.8616,9.2924,10.509,11.257,11.364,12.192,11.753,11.715,11.942,11.734,11.657,10.745,10.836,10.379,9.0746,8.7131,7.2475,7.1069,6.3295,5.5318,4.5646,3.0282,3.1228,2.5881
66.5,-0.27766,0.059886,-0.092003,-0.19906,-0.2491,-0.11854,0.4697,-0.015673,0.093024,0.19464,0.54113,0.7126,-0.16754,1.2619,1.6411,1.2002,1.5838,2.1592,2.5468,3.3803,3.3267,4.226,5.7195,5.7115,7.1188,7.6174,7.7257,9.1912,9.6529,10.175,10.926,11.435,11.831,12.172,12.008,11.405,11.474,12.171,11.061,11.01,10.089,9.0488,8.3276,7.4618,6.1808,5.9479,5.5721,4.334,3.9906,3.5306,2.4694
67,-0.11977,-0.28244,-0.21337,-0.33854,-0.20242,0.52079,-0.14301,0.21835,0.093637,0.68127,0.82742,0.8279,0.82855,0.87436,0.83761,2.0795,1.6242,2.4647,3.0567,3.105,4.1731,4.7336,5.7106,5.7748,6.2767,7.2667,8.2297,8.9081,9.452,9.6135,10.862,11.748,11.617,11.858,11.913,11.793,11.755,11.27,10.619,9.9355,9.4783,8.9617,8.0425,7.4765,6.7526,6.1204,5.5306,4.4826,3.4278,3.1319,2.7222
67.5,-0.5353,0.43925,0.075587,0.16157,0.47655,-0.095247,0.30224,0.14526,0.1863,0.091965,0.92845,0.44907,0.9375,0.36955,1.5344,1.7935,1.8582,2.1692,2.8245,3.9172,3.2843,4.6826,4.854,5.8362,6.5057,7.1985,8.0637,8.4416,9.7621,9.524,10.752,10.922,10.987,11.594,11.132,11.545,10.909,11.154,10.305,9.9156,9.5252,8.528,8.0211,6.8385,6.7298,6.3287,5.921,4.4324,4.0103,2.662,3.127
68,0.24811,-0.1228,0.40363,-0.029754,-0.071329,0.23526,-0.19056,0.48254,-0.078215,0.0046608,0.15062,0.78269,0.53369,0.51616,0.98406,1.4499,1.4519,1.8638,3.304,2.9319,3.6686,4.2822,4.9372,5.956,6.7831,7.145,7.5969,9.0567,9.3093,10.459,9.7875,10.945,11.776,11.288,11.391,11.481,11.031,10.788,10.353,9.7406,9.6911,8.7917,8.0161,7.4466,6.3818,5.4965,4.8408,4.3521,3.4102,3.0073,2.4888
68.5,0.65243,-0.81004,-0.021806,0.56373,0.10183,0.31755,0.15684,-0.026287,-0.4369,0.37741,0.18567,0.30794,0.56019,1.4327,1.8728,1.5065,1.6442,1.8285,2.7777,3.685,3.6442,3.6238,5.2015,5.9936,5.9426,7.2005,8.0054,8.5463,8.9866,10.123,10.213,10.308,10.45,11.633,11.504,11.28,10.93,10.591,10.004,9.6787,8.5731,8.3274,7.7511,7.2994,6.3706,5.8976,5.3653,4.6161,3.8238,3.1225,2.3173
69,0.23686,0.52576,0.13432,0.62064,-0.39319,-0.25583,0.3819,0.25108,0.62694,0.30728,0.15284,0.47725,0.24136,0.55941,1.4288,1.6853,1.8703,1.6381,2.4966,2.7431,4.0248,4.1082,4.6125,5.6362,6.1469,7.5046,7.5529,8.0435,8.4652,9.6893,10.039,10.194,11.286,11.318,11.173,11.526,11.126,10.372,9.8896,9.9342,9.216,8.4952,7.495,7.2123,6.0783,5.5597,5.3343,4.0481,3.166,2.7653,2.878
69.5,0.091115,-0.017092,-0.12142,0.19052,-0.19104,0.18101,-0.095561,-0.099598,0.038715,0.19549,0.39353,0.60532,-0.41397,0.64461,1.0055,1.8573,1.4155,2.1763,3.02,2.6778,3.7441,3.9891,4.7253,5.3164,6.0409,7.789,7.9311,8.69,9.1472,9.0982,10.202,10.815,10.541,11.272,11.256,11.537,10.669,10.16,9.9687,10.001,8.4378,7.7209,7.6814,6.8115,6.2305,5.8058,4.6748,3.6328,4.2069,2.7444,2.2306
70,0.34563,-0.094038,0.011905,0.1892,0.38799,-0.011813,0.57829,-0.47311,0.45509,0.052487,0.81486,0.57074,0.48214,1.0748,1.377,1.5809,1.4089,1.9557,2.5381,3.0208,3.8055,3.5725,4.9162,5.4014,5.9315,6.6637,7.519,7.1766,8.6791,9.2003,10.12,10.124,10.6,11.311,11.209,11.119,10.513,10.525,9.8843,9.3954,8.9997,8.0607,8.0092,6.8117,6.3378,5.8916,5.0911,3.7209,3.6833,3.2617,2.7848
70.5,-0.31965,-0.17606,0.32891,-0.18471,-0.027757,0.55991,0.10647,-0.052449,-0.038907,0.40044,-0.001701,0.44744,0.77557,1.2549,1.2956,1.1568,2.0499,1.9848,2.1368,2.9437,3.9672,4.1744,4.7597,5.9114,5.6771,6.4158,7.0054,8.2675,8.8306,9.8101,9.9116,10.118,10.535,10.752,10.276,11.529,10.689,10.298,10.018,9.5517,8.7264,7.9499,7.649,6.8918,5.8343,5.8141,4.8113,4.312,3.9241,2.9764,2.5817
71,0.25717,-0.19667,0.046388,0.080951,-0.22542,0.78138,-0.30285,-0.22587,0.6159,0.51092,0.085573,0.69742,1.1076,0.84539,1.8614,0.83678,1.8834,2.3987,2.7436,2.8965,3.4044,4.2066,4.9415,5.5337,6.343,6.4119,7.3296,7.7735,8.5572,9.5375,9.7507,10.896,10.464,10.604,10.678,10.394,10.387,10.449,9.7473,8.9869,8.3841,7.9049,7.4002,7.0514,5.601,5.2267,4.7089,3.493,3.2136,2.7296,2.2174
71.5,0.071559,-0.02763,-0.13678,0.17115,0.57757,0.57681,-0.45895,0.33468,0.16552,0.33985,0.26905,0.54418,0.70448,0.67023,0.79948,1.2026,1.7246,2.2028,2.7012,2.7725,3.5331,4.3113,4.9879,5.2688,5.89,6.692,6.962,7.8985,8.7901,9.3125,9.5184,10.055,10.032,10.667,10.493,10.373,10.169,9.9682,9.4601,9.3098,8.4373,8.4197,7.7275,6.3442,5.9507,5.0625,4.5107,4.5945,3.3292,3.0058,2.5886
72,-0.28637,-0.23624,-0.33237,-0.22356,-0.79511,0.24737,0.7327,0.20393,-0.20864,0.096881,0.24611,0.19737,0.909,1.0766,0.70852,1.5381,2.0918,2.5686,3.2742,2.6137,4.2521,3.866,4.4028,5.3189,5.7079,6.6725,6.8209,7.7872,8.8474,8.9911,9.5245,10.011,10.505,9.832,10.563,10.247,10.202,10.183,9.119,8.6972,7.8707,7.6801,7.598,6.4947,5.4553,5.0478,4.106,3.6074,3.4963,2.5102,2.7304
72.5,-0.0076843,0.045717,-0.054432,0.27357,0.29412,0.18348,0.28445,0.094005,0.37626,0.1848,0.37973,0.41407,0.50575,0.61646,1.1824,1.6973,1.9647,1.596,2.7712,2.7527,3.5425,3.6509,4.5661,5.2501,5.3643,6.6544,7.5318,7.7099,8.7659,8.8409,9.6208,9.0816,10.755,10.651,10.175,9.6099,10.114,9.3112,9.4948,9.0144,8.0656,8.0852,7.3525,6.7438,5.7884,4.7053,4.7901,3.8156,2.9214,3.233,2.9971
73,0.0011104,0.66753,0.056118,-0.072928,-0.13069,0.57308,-0.12044,0.37628,0.043231,0.14456,0.68348,0.37635,0.51355,1.1529,1.5084,1.4814,1.3969,1.7951,2.3787,2.9089,3.0239,4.0907,4.4928,4.5773,5.4591,6.2407,7.0184,8.2336,8.3267,8.5365,9.3174,9.5222,10.004,10.252,10.498,10.069,10.397,9.8976,9.0346,9.4452,8.344,7.4036,7.5198,6.9954,5.7051,4.9161,4.39,4.0635,3.6808,2.9639,2.3689
73.5,0.46272,-0.074299,0.33765,-0.045715,0.18704,0.04688,0.09546,0.040579,0.61185,0.059307,0.14774,1.1206,0.92052,0.087432,0.84683,0.72835,1.2883,0.98244,2.2842,2.4349,3.2968,3.3379,4.4364,4.9043,6.1173,6.7364,7.1891,7.4746,8.7495,8.215,8.7167,9.4848,10.461,9.8934,9.9559,9.5209,10.068,9.7934,9.3704,8.4859,7.9329,7.1725,6.9631,5.97,5.2918,4.8781,4.2406,3.6405,3.397,2.7823,2.2233
74,0.068061,-0.27815,0.059609,0.085386,-0.39389,0.37867,-0.15359,0.179,0.55516,0.55346,0.37556,0.36961,0.90368,0.99545,0.8183,1.0177,0.93217,1.9462,2.2714,3.0836,3.3456,4.178,4.1474,5.3078,5.4378,6.4683,6.4301,7.5499,7.4583,8.4943,9.1578,9.2371,9.3501,10.086,9.8572,9.6847,9.6765,10.182,9.3679,8.9173,8.1759,7.5178,6.1341,6.0133,5.4317,4.3814,3.9864,3.1611,3.2057,2.9704,2.6135
74.5,0.13743,-0.26994,-0.55194,-0.48735,-0.32437,-0.18768,0.061557,-0.1542,0.305,0.20269,0.36393,0.81455,0.25772,0.90884,0.98718,1.1405,1.8001,2.14,1.9836,2.6538,3.2818,3.6488,4.4779,4.989,6.077,5.6989,6.7463,7.1147,8.1359,7.984,9.0189,9.0892,9.3265,9.2777,9.6275,10.036,9.5379,9.4642,9.4107,8.5426,7.779,7.5165,6.6057,5.9895,5.0516,5.1612,4.1647,3.764,2.867,2.8222,2.0249
75,-0.029677,0.28219,0.26457,0.032617,-0.4748,0.97585,0.6319,0.36501,-0.025145,0.23495,0.19331,0.84581,0.68299,0.5383,0.83785,1.5615,1.9954,2.3114,2.4663,2.5989,2.185,3.7733,4.2483,4.8857,5.4749,5.6839,6.8666,7.486,8.0616,8.6491,8.9868,9.0414,9.4084,9.6199,9.6796,9.8915,9.6216,9.7854,9.464,8.3836,6.6982,7.657,6.5239,5.8251,5.3205,4.6895,4.4117,3.1961,2.8155,2.7614,2.4127
75.5,0.20514,-0.2175,-0.26647,-0.11325,0.12691,0.5227,-0.50742,0.080168,-0.20145,-0.22995,0.64203,0.62429,0.73161,1.0403,0.82303,1.0801,2.1523,1.7558,2.4318,2.6432,2.5636,3.0248,4.0223,5.1004,5.6276,6.2809,6.3206,7.6912,7.4708,8.3261,8.6943,8.9997,9.7156,9.2633,9.1241,9.4803,9.1929,10.063,8.897,8.1344,7.4361,6.6325,6.2964,6.0257,5.8015,5.1008,4.2449,3.522,3.181,2.4702,2.7141
76,-0.044234,-0.0075191,-0.63807,-0.020361,0.30522,-0.24421,-0.11972,0.3824,-0.24708,0.57979,0.18797,0.33865,0.25224,0.86794,1.6929,1.4293,1.2186,2.1477,2.0887,3.0206,3.3212,2.7099,3.8426,5.0075,5.3698,5.6252,6.345,6.5458,7.6382,8.8239,8.8321,9.5979,9.4644,9.6668,10.004,9.4713,9.1424,9.2486,9.0236,8.0119,7.4413,7.1499,6.7724,6.1571,4.8801,5.2793,3.9326,3.495,2.7915,3.4031,2.2442
76.5,-0.24292,0.27733,0.25709,-0.018519,0.30579,-0.17242,-0.04367,-0.46025,-0.20368,0.80151,0.83576,0.46934,1.081,0.69717,0.87009,1.197,1.422,1.7199,2.4995,2.6208,3.2545,3.8575,4.2087,4.3744,4.8524,5.9036,6.403,7.0562,7.5656,8.8354,8.0859,8.2339,9.1864,9.1307,9.3913,9.4184,9.4708,8.3769,8.315,8.1844,7.7949,7.679,6.7296,5.828,4.9751,4.4788,3.8965,3.7272,3.1018,2.1646,2.0142
77,0.27548,0.12343,0.19662,0.15221,0.54088,0.14506,-0.012882,-0.13367,0.26601,-0.47618,0.28382,0.38231,0.1656,0.45749,1.1743,1.2346,1.4719,1.8541,2.1573,2.9164,3.0399,3.0664,4.5304,4.7187,5.0164,5.4105,6.4935,6.9081,7.9494,7.8574,8.1295,8.9911,9.2526,9.1807,9.3852,9.1184,9.0442,9.0701,8.5654,7.906,7.8766,6.2253,6.9794,5.2614,4.9897,4.5787,3.9803,3.7892,2.6702,2.6085,1.9451
77.5,0.10061,-0.0017184,0.053585,-0.1281,-0.10072,0.15952,0.38477,-0.040161,-0.071857,0.43692,0.32518,0.68773,0.2961,0.19303,0.75997,0.92097,1.3998,1.5492,2.3253,2.4254,3.0105,3.5075,4.0495,4.5431,5.2819,5.4762,6.7158,6.7867,6.9916,7.9196,8.0222,8.8147,9.5276,8.7819,9.1691,8.4908,8.9999,8.3477,8.0874,7.5287,7.5987,7.1517,6.2926,5.443,5.5911,4.3094,3.3262,3.582,2.6194,2.7958,1.9782
78,0.19303,0.43795,-0.33727,-0.13336,0.028958,0.5337,-0.097105,-0.040742,0.32989,0.076598,0.37656,-0.032288,1.2251,0.31355,0.81194,1.1268,1.9795,1.3211,2.6718,2.7077,3.0535,3.1217,4.1127,4.2768,5.4452,5.3529,6.1842,6.6065,6.9978,7.9888,8.3364,8.8719,8.2217,9.2263,9.7096,8.7711,9.3233,8.4286,7.7614,7.6708,7.6029,6.5139,6.0282,5.8103,5.0523,4.6542,3.9973,3.546,2.7849,2.538,1.7886
78.5,0.3983,-0.173,0.36373,-0.034107,0.11162,-0.076946,-0.20562,-0.38751,-0.13244,0.14952,0.39029,0.73094,0.42016,0.44439,0.46438,1.2665,1.8032,2.077,2.2638,2.6411,3.4012,3.4742,4.0862,4.3418,4.5938,5.3692,6.1386,6.7077,7.7821,7.6951,8.4288,8.2739,8.5545,8.3988,8.6251,8.9552,8.6494,8.6858,8.127,7.5613,7.8433,6.654,6.4808,5.4426,5.2021,4.7022,3.9402,2.6539,2.8842,2.8073,2.1997
79,0.14538,-0.49961,-0.19137,0.15894,0.17351,0.43506,0.054494,0.25599,0.1868,-0.052432,-0.35404,0.55185,0.59922,0.51475,0.40032,1.2974,1.2912,1.843,2.5845,1.7766,2.6459,3.2697,4.2804,3.892,5.5211,5.5462,6.0367,6.5475,6.9845,7.8907,7.6551,8.4047,8.4263,8.4606,9.5147,8.8146,8.7247,8.6409,7.5469,8.0984,6.3575,6.3693,5.9188,5.669,4.9935,4.3193,3.8264,3.0255,2.3942,2.6261,2.2244
79.5,0.48683,-0.22015,0.23231,-0.050017,0.40692,0.37638,0.16011,0.03073,0.46793,0.43472,0.11338,0.018988,0.45372,1.1462,1.219,0.76104,1.0035,2.0375,1.6593,2.5416,2.6354,3.7761,3.565,4.6715,4.9346,5.5129,5.3994,5.8645,6.9614,7.557,7.5399,7.8722,8.6049,8.7511,8.5901,8.816,8.0834,8.0907,8.3696,7.5,7.0606,7.2105,5.5622,5.6658,5.3664,4.2181,4.0407,2.9835,2.6023,2.494,2.2311
80,0.34762,0.48754,0.003928,0.39275,-0.053529,0.33956,0.1578,0.26466,0.30449,-0.24373,-0.022456,0.44294,0.027411,0.93233,1.1257,1.1793,1.0007,2.0485,2.5862,2.4032,2.9382,3.3106,3.908,4.2389,4.8083,5.6417,6.6201,6.0248,6.9098,7.0365,8.258,7.9215,7.8996,8.6681,9.0484,8.6754,8.3933,8.2193,8.2027,7.1251,6.9027,6.3027,5.558,5.2616,5.1396,4.4324,3.9296,3.2817,2.9308,2.109,1.8741
80.5,0.068805,0.0997,0.11992,-0.0072641,-0.06467,1.0154,0.36642,0.25329,0.10528,0.099384,0.27166,0.49493,-0.037135,0.20369,0.66244,1.1298,1.2486,2.0576,1.5057,2.1042,3.2064,3.2489,3.9677,4.837,4.5507,5.2737,5.7616,5.7788,6.7622,7.5638,7.8467,8.1838,8.1173,8.1754,8.8009,8.2227,8.3174,8.0458,8.121,7.5879,6.4623,6.0029,6.0093,5.2748,4.6116,4.5146,3.7465,3.2136,2.9736,2.2077,2.4133
81,-0.22535,0.21332,0.45372,-0.37937,-0.055041,0.40991,0.44039,0.0763,-0.047315,0.51863,0.66212,0.052653,0.1593,0.73373,1.0317,0.96472,1.5078,1.381,1.2918,2.1734,2.7351,3.0868,3.3087,3.6245,4.5456,5.5071,6.1479,6.6429,6.5259,6.8634,7.7388,8.09,8.2486,7.6649,8.0563,8.2599,8.274,8.1285,7.6311,7.3058,6.7919,6.4865,5.8576,5.2486,4.6091,4.1825,3.7902,3.2387,2.8201,2.6945,1.9984
81.5,-0.18377,0.28112,-0.38658,-0.29103,0.14812,0.22134,-0.28145,0.011328,-0.010874,0.08299,0.58635,0.60903,0.5083,0.49411,0.42756,1.4674,1.4654,1.3622,2.118,2.2509,2.5961,3.2607,3.3883,4.0143,4.678,5.0231,5.9004,6.7696,6.4608,6.621,6.8957,7.757,7.8294,8.2295,8.2537,7.6859,7.4832,7.8898,7.535,6.99,6.1859,6.3449,6.0742,5.2478,4.3776,4.1202,3.1901,3.4369,2.6971,1.733,1.805
82,0.14978,-0.08407,-0.059776,-0.33433,0.21675,-0.12894,-0.556,0.01324,0.46319,0.11009,0.82092,0.52087,0.6093,0.61123,0.80164,0.94938,1.181,1.7138,1.5977,1.9209,2.3119,3.7049,3.725,4.1576,4.2668,5.2959,5.5942,6.1964,6.3115,7.0808,7.2766,7.4762,8.1496,7.6052,8.2821,8.2716,7.6648,7.4587,7.3351,7.1146,6.5548,6.2571,6.1514,4.9485,4.0602,4.304,4.0605,3.1989,2.3133,2.1984,1.5363
82.5,0.20352,-0.38974,-0.067329,-0.26872,0.084255,-0.045113,0.14284,0.12979,-0.12924,0.41144,0.28119,0.090768,1.1737,0.78462,0.76595,1.4402,1.8085,1.4916,1.9593,1.9193,2.5717,2.993,3.577,4.1156,4.6951,5.1169,5.1963,5.7748,6.359,6.8612,7.6276,7.262,7.7243,8.2529,7.9227,8.1049,7.7891,7.6869,7.2422,7.1435,6.0558,5.9425,5.6422,5.198,4.9662,3.8889,3.9555,2.8454,3.0056,2.4532,1.5747
83,0.10264,8.5596e-05,0.2101,-0.034804,-0.046536,0.47472,0.059087,0.36949,0.097095,0.72062,0.088666,0.19829,0.95254,0.50026,1.2822,1.2706,1.1939,0.97212,1.8262,2.2186,2.9334,3.4912,3.2722,4.2063,4.7006,5.3051,5.6403,5.3988,6.3957,6.5134,7.1614,7.811,7.8265,8.2132,8.0163,7.479,6.9781,7.5606,7.1564,6.5646,5.9287,5.7564,5.4264,5.1755,4.5192,4.4392,3.1577,3.2699,2.5891,2.3892,1.695
83.5,0.3319,0.10383,-0.18168,0.028174,-0.026792,0.20995,-0.26632,0.11126,0.28126,0.2278,0.69264,0.61001,0.48681,0.6909,0.88061,1.1115,0.67716,1.4068,1.3638,2.5443,2.5328,2.9192,3.7035,4.0434,4.077,4.9001,5.3222,5.3842,6.1557,6.7203,7.0985,6.9795,7.985,7.741,7.8274,7.8916,7.4026,7.5602,7.0214,6.5041,6.5315,6.3506,5.6345,5.1913,4.2514,3.4287,3.8726,3.5849,3.006,2.0531,1.457
84,-0.30943,-0.49004,-0.010334,0.51309,0.0020193,0.15312,0.49921,-0.0026491,0.77132,0.81283,0.24566,0.19987,0.69217,0.51387,0.43511,1.3626,1.5746,1.5253,1.4077,1.765,2.5515,2.7902,3.2895,4.1746,4.5807,5.2738,5.0585,5.7315,6.5118,6.8261,7.5046,7.4587,8.0996,7.8378,8.0384,7.5785,7.549,7.605,7.5274,6.9083,6.2561,6.2435,4.6926,4.4271,4.5577,3.864,3.565,2.9512,2.683,1.883,1.9523
84.5,0.30847,0.38106,0.62568,0.10423,0.12614,-0.3953,-0.073965,0.059191,0.47377,0.029241,0.52037,0.36803,0.42387,0.68514,0.65503,0.83738,0.68315,1.3858,1.6204,1.9525,2.613,3.1011,3.4193,4.1186,4.4793,4.7116,5.1505,5.8562,6.3786,7.0284,7.3153,7.0796,7.4215,7.7823,7.9448,7.8625,7.4324,6.865,6.6569,6.6888,6.3062,5.4287,5.2975,4.9832,3.9541,4.1436,3.2283,3.273,2.3207,1.793,1.6217
85,-0.018525,-0.10184,-0.043458,0.13081,-0.007928,0.041055,-0.42836,0.23318,0.12995,0.693,-0.0038836,-0.17853,0.65653,0.70686,0.46026,0.49516,1.6409,1.8663,0.99614,1.9436,2.9562,2.7246,3.1608,3.6877,3.917,4.2292,5.5396,5.1382,6.2039,6.7934,6.4366,6.8753,7.724,7.6473,7.3451,7.8479,7.7216,7.2325,6.6006,6.4014,6.2128,5.6306,5.5006,4.2757,3.7981,3.8193,3.1528,2.6718,1.9197,2.081,1.7216
85.5,0.20594,0.035198,-0.018702,0.38334,-0.35085,0.22105,-0.41798,-0.13727,-0.20902,0.4419,0.25493,0.3554,0.13326,0.50552,0.52428,1.0573,0.86773,1.823,1.218,1.8132,2.9295,2.7012,2.8724,3.7914,4.0579,4.4311,4.8304,6.4511,5.9785,5.869,7.2352,7.2475,7.0392,7.115,7.6393,7.3207,6.6909,7.5996,6.6556,6.8935,6.4348,5.3167,5.4644,4.4808,3.6339,3.5912,3.3788,2.6858,2.3277,2.3925,1.748
86,-0.24322,0.22496,0.080121,-0.72661,0.17087,0.17694,0.088368,0.38034,-0.048853,0.30571,-0.19894,0.47713,1.0454,0.28959,0.51603,0.71752,1.1896,1.0874,1.8256,2.2836,2.5565,2.266,3.5248,3.9606,4.3974,4.7357,5.1613,5.8608,6.5561,6.0811,7.0266,6.9511,7.1405,6.8426,7.26,7.0042,7.0398,6.6468,6.5673,6.2434,6.0055,5.0632,4.6572,4.727,3.9029,3.995,3.2869,2.9718,2.8132,1.9312,1.5225
86.5,0.27116,0.16702,-0.035638,0.44694,-0.021837,0.068493,0.087681,-0.16894,0.17425,0.62125,0.40129,0.35993,0.40529,0.68001,0.95967,1.1017,1.0367,1.4863,1.8221,1.7021,2.4168,2.1133,3.3309,3.8318,4.3211,4.448,5.1249,5.9096,6.3292,6.2795,6.6621,7.224,6.6404,7.1164,7.6554,7.5058,7.201,6.4383,6.6042,6.1096,6.002,5.2363,4.7202,3.9419,4.4575,3.5074,3.2267,2.7546,2.0402,1.6214,1.3723
87,-0.20742,0.12398,-0.21841,0.55308,0.34946,0.30044,0.044412,0.56434,0.083708,0.19035,0.31548,0.55682,0.63927,0.43102,0.56572,1.0995,1.3367,1.2536,1.1811,1.9171,2.524,3.269,2.7871,3.4606,3.9292,4.9167,4.9594,5.1423,5.9997,6.0891,6.1712,6.5377,7.5232,7.2395,7.1974,7.0491,7.0903,6.889,6.6251,6.2434,6.0904,5.4183,4.6724,4.3213,3.4467,4.1905,3.3991,2.4722,2.2467,1.7834,2.116
87.5,-0.41655,0.048164,-0.012502,0.27682,0.009606,-0.47024,0.0039811,-0.18295,0.17114,0.62751,-0.26062,0.10192,0.27684,0.45195,0.93865,0.84421,1.2329,1.1668,1.7056,2.188,2.0881,2.9278,3.1231,3.8576,3.9354,4.5684,4.8961,5.3186,5.8376,6.2948,6.0828,7.1515,6.3586,6.8307,7.0482,7.1597,7.389,6.1633,6.3043,5.4941,5.7672,5.426,5.3817,4.4855,4.3037,3.7133,2.9708,2.2649,2.385,1.5024,2.0213
88,-0.039319,0.3722,-0.12426,0.10907,0.10311,0.042999,-0.051462,0.22509,-0.1324,-0.16802,0.63083,0.5559,0.45693,1.059,0.62739,1.282,1.1471,1.0302,2.1706,2.2276,2.2428,2.8781,2.9477,3.7487,3.2289,4.0928,5.1412,5.2064,5.7509,5.6538,6.9321,6.9955,6.7707,6.8278,7.2979,7.5438,7.1167,7.2893,6.1001,5.8106,5.3298,5.411,4.8965,4.3488,4.1839,3.8642,2.6054,2.4753,2.52,1.7856,1.3731
88.5,0.31475,-0.37337,-0.07091,0.12666,-0.13234,0.29076,-0.093296,0.52861,0.10592,0.39378,0.47859,0.1453,-0.1843,0.6607,0.72062,1.0409,1.0128,1.1919,2.1986,1.4646,2.4709,2.4544,2.9299,3.3614,3.6562,4.5156,5.2046,5.3569,5.6492,5.687,6.454,7.2031,6.6323,6.7505,6.7343,6.7163,5.9226,6.6772,6.0443,5.4984,5.8422,4.8886,4.6823,4.7799,3.4697,2.9915,3.106,2.9664,1.7736,2.0244,1.7669
89,-0.60868,0.25287,0.2823,-0.065816,0.41502,0.39606,0.10735,-0.03072,-0.14998,0.17875,0.42256,0.23218,-0.23286,0.92624,0.74733,0.7494,1.3245,1.762,0.73567,2.0129,1.7947,2.7439,3.0313,3.6043,3.6991,3.7284,4.593,5.2733,5.8533,5.5573,6.5291,6.2808,6.7718,6.6254,6.8719,7.0458,6.2946,6.2706,6.2756,6.628,5.2878,5.7608,5.3261,4.2572,3.7549,3.201,2.9674,2.1671,2.1952,2.3277,1.3896
89.5,-0.063259,-0.49719,0.1313,0.10672,0.057938,-0.010607,-0.012362,0.25399,0.13147,0.28216,0.31301,0.66238,0.62421,0.59672,1.1372,0.97864,1.4456,1.4704,1.0041,2.2506,2.2356,2.5463,3.0402,3.2677,3.8693,4.0596,5.0518,5.0534,5.3652,5.5583,6.2246,6.4512,6.6972,6.3864,6.2526,6.8821,7.0257,6.0866,6.62,5.9197,5.4761,4.9658,4.251,4.5297,3.5641,3.1325,3.2484,1.9922,1.7336,1.8499,1.6415
90,0.15427,-0.077552,0.77796,-0.04133,-0.030889,-0.18533,0.1117,0.28663,0.49945,-0.26144,0.17164,0.45533,0.59201,0.53414,0.83596,0.59928,1.5084,1.5701,1.1338,1.5135,1.8537,2.7334,2.5336,3.23,3.8904,4.1648,4.6893,4.7047,5.5906,5.5796,5.9706,6.3872,6.5302,6.6189,6.4245,6.5218,6.4996,5.9029,5.9284,5.8786,5.0272,5.3691,4.9895,3.8074,4.1571,3.2817,3.0399,2.3765,2.4405,1.9543,1.29
90.5,-0.34082,-0.42526,0.074996,0.19844,0.23316,0.017708,-0.27349,-0.10375,0.48237,0.037665,0.28542,-0.0053546,0.51171,0.38827,0.97888,1.0636,0.87934,1.2185,1.3528,1.3874,1.8835,2.558,2.9803,3.3325,3.6169,4.4126,4.5735,5.1732,4.813,4.5154,6.078,5.8103,6.3551,6.4393,7.0436,6.6498,6.4683,6.4884,6.1027,5.5537,5.6649,4.6271,4.6486,3.665,3.7646,3.3416,3.3812,2.0248,1.9566,2.0566,1.6159
91,0.062722,-0.27417,-0.15886,0.39989,0.021951,0.16505,0.038142,-0.2553,0.41512,0.33176,0.93109,0.0087339,0.65241,0.12559,0.70382,1.1141,0.39363,1.1794,1.3303,1.5801,2.2297,2.8037,2.8069,3.3088,3.6956,4.082,4.1712,5.2333,5.3675,5.7402,5.6768,6.0228,6.2865,5.9889,5.9797,6.2688,6.4959,5.9642,5.6124,5.3762,5.1408,4.7925,5.1449,4.3945,3.965,3.5936,2.543,2.0967,1.7783,2.1877,1.3324
91.5,-0.36688,-0.11679,-0.053426,0.10657,0.11223,-0.19666,0.2775,-0.093365,0.086421,0.38458,0.043885,0.13872,0.57811,0.25529,0.53303,0.9777,1.6189,1.4071,1.6224,1.9276,1.7659,2.4715,2.8026,3.3033,3.6509,4.1447,4.3488,4.8576,4.8452,5.4561,6.2627,6.18,6.2546,6.9382,5.9976,6.0364,6.7745,6.0977,5.772,5.1913,5.3464,5.0014,4.1113,3.9856,3.5117,3.2797,2.4717,2.8085,2.359,1.6563,1.4131
92,-0.032509,-0.22114,-0.1151,-0.055357,0.52034,0.33514,0.35131,0.20815,-0.20355,0.16389,0.52465,-0.071791,0.58661,1.203,0.95896,1.2251,1.0557,1.5006,1.2468,1.9851,2.2582,2.4935,3.1714,3.0053,3.5149,4.0094,4.0783,4.8481,4.6333,5.7974,5.7871,5.8527,5.9331,6.2201,6.533,6.4547,5.9715,5.7548,5.9695,5.2657,5.1655,4.8153,4.4783,4.2353,3.1887,2.5899,2.6025,2.9433,2.6651,2.2928,1.4018
92.5,-0.52632,-0.69071,-0.1665,-0.034016,0.42622,0.31086,0.13825,-0.17098,-0.15821,0.25039,0.43973,0.41946,0.080359,0.69517,0.76024,0.46975,0.74258,1.4017,1.3736,2.2014,2.1866,2.2306,2.739,3.1466,3.3082,3.6576,4.5432,4.9744,5.2663,5.87,5.539,6.4369,5.8366,5.9088,5.7203,6.0788,5.9555,6.092,5.7741,5.0566,4.966,4.6076,3.7976,3.6343,3.2922,3.5542,2.7959,2.5717,1.5834,2.0801,1.832
93,-0.59129,-0.19954,0.16622,0.21841,-0.16796,-0.041753,-0.11005,0.12791,0.48757,-0.059317,0.528,0.063656,0.1316,0.73935,0.90119,1.0366,0.57098,1.0405,1.6729,1.7157,1.6888,2.4845,2.4935,3.6271,3.9464,4.0639,4.6873,4.6817,5.2518,5.7917,5.7046,5.7846,5.5199,6.1108,6.4179,6.4193,6.1824,5.6984,5.0373,5.1989,4.9296,4.5667,4.4624,4.4757,3.5169,3.0204,2.6268,2.381,1.7593,1.7366,1.5591
93.5,0.071015,0.14917,0.1474,-0.50679,0.22621,-0.15203,-0.26044,-0.23773,0.25688,0.10309,-0.27966,0.43787,-0.050776,0.52959,0.68841,1.0371,1.4882,0.75621,1.3925,1.5991,2.116,2.3825,2.5686,2.9181,3.1047,4.1308,4.3637,4.8798,4.8668,5.085,5.2377,5.8962,5.6446,6.6143,5.7022,6.1417,6.4264,5.9679,5.6134,4.9907,4.5442,4.8339,4.6757,3.7003,3.095,2.3098,2.3768,2.2806,2.4627,1.8814,1.4977
94,-0.11203,-0.16319,0.43875,0.084695,-0.59607,-0.15339,-0.19,-0.071429,0.29412,0.13553,0.19908,0.68485,0.16744,1.0408,0.40781,0.7886,0.8575,1.1881,1.5242,1.7912,1.7353,1.9522,3.392,2.8673,3.6067,3.3046,4.0897,4.5093,5.0403,4.3999,5.5422,5.3719,5.9801,5.6738,5.7624,5.9025,5.5669,5.5739,5.1338,4.6659,5.2027,4.1571,4.118,4.0103,3.2097,2.7619,2.7058,2.6214,1.6076,1.6136,0.86903
94.5,-0.11005,0.021872,-0.23954,-0.11293,-0.38819,0.071189,0.38334,-0.23784,-0.063102,0.31645,0.58302,-0.16075,0.32108,0.56055,0.57102,0.0093393,1.0805,1.5926,1.4085,1.3311,1.7829,2.7915,2.8813,3.1671,3.4617,3.5416,4.0616,4.4677,5.0026,5.6047,5.7598,5.2202,5.8771,6.1316,6.1301,5.7217,6.684,5.2626,5.0988,5.2213,5.4717,4.2387,4.0402,4.0608,3.3468,2.8718,2.775,2.3394,2.2433,2.0256,1.4637
95,0.095331,0.0757,0.16338,0.040422,0.033673,0.40646,0.52064,-0.36209,0.12517,-0.04298,0.12338,0.4044,0.56793,0.43607,0.020162,0.45352,1.1875,0.30055,1.7126,1.7764,2.3076,2.1729,1.9574,3.0672,3.6956,3.9709,3.8719,4.4614,4.618,4.8424,5.6437,5.2168,5.4698,5.5061,5.4238,5.8812,6.0863,5.5203,4.9049,5.3394,5.2825,4.2401,3.9253,3.846,3.7972,2.7794,2.1733,2.4191,2.1499,1.6197,1.1871
95.5,0.30603,0.16974,-0.2141,0.038304,-0.37208,0.25265,-0.013684,-0.041657,0.11079,0.17369,0.48246,0.45745,0.31562,0.69298,0.70701,0.60582,0.86976,1.0642,1.4911,1.4898,1.7718,2.7953,2.8258,2.6735,3.4433,3.6832,4.1377,4.4216,5.0755,5.1288,5.2721,5.8197,5.7369,5.8015,5.8923,5.7369,5.6695,5.3307,5.0649,4.7249,4.3,4.1151,3.9662,3.6765,3.1882,2.1923,3.0135,2.528,2.0203,2.17,1.0446
96,0.57391,-0.27838,0.087851,-0.35887,0.037431,0.16215,0.017774,0.30212,0.14886,0.0028733,0.041287,0.51993,0.16193,0.73275,0.94631,0.22407,1.2358,1.7131,1.3985,1.7597,2.1765,2.0947,2.5669,2.4713,3.273,3.7518,4.1252,4.6457,4.4277,4.8031,5.7938,5.3937,5.6567,5.6735,5.4798,6.1806,5.4382,5.1003,5.0895,4.3617,4.4638,4.0344,4.1539,3.3984,3.4955,3.2827,2.744,2.1102,1.9055,1.1205,1.2811
96.5,-0.25061,0.21934,0.78785,0.17294,-0.56473,-0.062641,0.10013,0.11307,-0.10156,0.23121,-0.16404,-0.01025,0.54735,0.14774,0.73377,0.30484,1.4142,0.84904,1.2393,1.6595,1.6726,2.1933,2.6536,3.1182,3.4287,3.5062,3.8771,4.9772,4.8873,4.6248,5.1904,5.2708,5.4867,5.2542,5.5318,6.1665,5.7009,4.6238,5.525,5.2276,4.4936,4.4864,3.6617,3.4147,3.6387,2.7461,1.9177,2.1289,1.8165,1.9179,1.3092
97,-0.11904,0.32443,0.052067,-0.2023,0.37871,0.10326,0.063478,0.13916,-0.20498,-0.0026305,0.2072,0.21143,0.73095,0.51204,0.82167,0.70961,1.1907,1.1871,1.2942,1.5369,1.533,2.2756,2.4381,2.6443,3.4836,3.1385,3.7457,4.5278,4.6399,4.8262,5.1718,5.3586,5.0038,5.4486,6.0702,5.3555,5.3632,5.1421,5.07,4.665,4.6904,4.2775,4.103,3.1965,3.0475,2.7249,2.5846,1.8833,2.092,1.895,0.99203
97.5,-0.13992,-0.14881,0.80535,-0.10654,0.5351,-0.33539,-0.23507,-0.12126,-0.13892,0.073366,-0.0090657,0.020685,0.69243,0.80842,0.84297,0.85521,0.89074,0.90549,0.98819,1.6307,1.4446,1.7989,2.7656,3.3303,3.2305,3.8019,3.7506,3.7658,4.6726,4.9514,5.0548,5.1663,5.6799,5.1889,5.2839,5.1821,5.4166,4.9125,4.8276,4.5683,4.4099,3.7198,3.8491,3.8424,3.1512,3.2204,2.8177,2.3283,1.8172,1.5268,1.5019
98,-0.11025,-0.55412,0.16304,-0.31717,-0.25723,0.044116,0.032521,-0.33995,0.16301,0.44167,-0.13746,0.64493,-0.12744,1.071,0.42787,0.73302,0.28458,1.0229,1.3268,1.477,1.6055,1.7871,2.7288,2.7351,3.5361,3.2689,3.6465,4.3601,3.9464,4.3573,5.3001,4.8225,4.7787,5.9772,5.0295,5.4718,5.345,4.3307,4.8903,4.8553,4.5388,4.3854,3.6594,3.639,2.8652,2.3007,1.9983,1.6304,2.0754,1.0468,1.3392
98.5,-0.072619,-0.020287,0.42433,-0.10965,0.21451,0.054772,0.014696,0.77263,-0.32045,0.53669,0.39547,0.11606,0.82518,-0.12404,0.38787,0.31823,0.96523,0.69463,1.3726,1.4282,1.6085,2.1619,2.2794,2.3654,3.8761,3.2382,3.0648,3.8117,3.9981,4.9106,5.0058,5.2296,5.1474,5.2657,5.2689,5.3251,5.5089,5.2106,5.059,4.8121,4.6429,4.1498,3.8365,3.7394,2.8344,2.4333,2.0022,2.0982,1.1944,1.6213,1.2086
99,0.34746,-0.1912,-0.045936,0.35827,0.44558,-0.16108,0.11409,0.16994,0.22266,0.069315,0.5805,-0.31022,0.20587,0.55943,0.67481,1.0781,1.1906,0.9301,1.6172,1.2515,2.0098,2.563,2.6951,2.6903,2.8985,2.8838,3.777,3.6794,4.086,4.2477,4.7103,5.0382,5.2753,5.103,5.6343,5.2206,4.9568,5.1143,5.4371,4.705,4.2144,3.5548,3.6168,3.4113,2.8801,2.1571,2.0736,2.4544,2.159,1.1982,1.4278
99.5,-0.34659,0.43154,0.088444,0.30623,-0.48427,0.24572,0.056514,0.33618,0.38366,0.16599,0.013407,0.48742,0.31004,0.15794,0.25492,0.22082,0.66773,1.3339,1.2653,1.2885,1.9505,1.745,2.3303,2.5716,3.1945,2.8277,3.383,3.4727,4.1925,4.9113,4.6367,4.8309,5.3903,5.5382,5.221,5.423,4.8056,5.3973,5.4326,4.7038,3.6444,3.7958,3.8208,3.173,3.3409,2.8002,2.088,2.0027,1.4393,1.3913,1.0444
100,0.35932,0.64493,-0.41467,-0.55589,-0.043665,-0.41362,0.07195,0.30428,0.55608,0.20486,0.13331,-0.34315,0.33187,0.43595,0.71606,0.44317,0.6801,0.54726,0.50949,1.0969,1.2167,2.071,2.1177,2.4315,2.6287,2.2901,4.0454,3.6149,4.0937,4.055,5.0205,4.9653,4.8173,5.0353,5.686,5.131,5.0106,4.6397,4.1603,4.443,4.3144,4.244,2.9173,2.921,2.7483,2.5902,2.2279,1.9318,1.8087,1.1572,1.476
100.5,0.13685,-0.085953,0.49478,0.48774,0.30938,-0.86418,0.53105,0.31704,0.70843,0.51389,0.66238,0.51085,0.7246,1.0077,0.58283,0.1759,0.7083,1.0953,1.2045,1.0377,1.1775,1.7231,2.4872,3.0348,3.1627,3.5366,3.5241,3.3438,4.0285,4.3581,4.5212,4.8776,5.1348,5.345,5.0349,4.5179,4.8575,4.8742,5.0368,4.265,4.3182,3.9526,3.5605,3.4973,2.688,2.3866,2.2396,1.7519,1.8177,1.1965,1.2488
101,-0.023326,0.07435,-0.1236,-0.081173,0.057953,0.10149,0.055394,0.58925,-0.19204,0.12162,-0.28555,0.35581,-0.018552,0.32084,0.39981,0.7238,0.62476,0.7876,1.5981,1.4795,1.4778,1.8461,2.7106,2.4584,2.6451,2.974,3.3396,3.6401,3.7295,4.0435,4.3636,4.9784,4.826,4.9638,5.4359,5.4144,4.8557,4.6115,4.3528,4.5882,4.0514,3.7017,3.2592,2.9473,2.9465,2.1328,2.5139,1.7597,1.5998,0.99186,1.1626
101.5,-0.091854,-0.0052739,0.45566,0.073608,-0.20961,-0.17303,0.23449,0.46628,0.18845,0.34574,0.36715,0.66688,-0.27278,0.59948,0.8002,0.22997,0.51507,0.69895,0.93416,1.2323,1.6984,2.1571,2.5138,2.2461,2.563,3.5347,3.6549,3.7959,4.2044,4.3175,4.7125,4.6406,4.9598,4.5105,4.7858,4.7605,4.7667,4.4633,4.3948,3.8717,4.2264,3.7456,2.9483,2.8884,2.9161,2.3332,1.9789,1.8736,1.7274,0.94478,1.3169
102,-0.23353,0.0042509,0.0033475,-0.13807,-0.27867,-0.045841,0.54286,-0.33278,0.61028,0.059488,0.19255,-0.087846,0.076845,0.24348,0.1851,0.56106,0.64896,1.4976,0.78867,1.3905,1.6798,1.5528,2.3683,2.347,2.0338,3.299,3.0828,3.41,4.2184,4.1686,4.774,5.0457,4.6251,5.1401,4.7036,5.572,4.6106,4.9903,4.7516,4.3672,3.8103,3.6782,2.7709,3.1672,2.8851,2.5052,1.2688,1.4928,1.3797,1.4461,1.2244
102.5,-0.044588,0.20008,-0.29407,0.20287,0.1705,0.15264,-3.8916e-05,0.62401,0.24928,-0.1548,0.25417,0.46096,0.12797,0.71624,0.60722,-0.086754,0.85139,0.8088,1.2855,1.6261,1.644,2.3501,2.0817,2.6233,2.9884,3.0333,3.6091,3.4997,3.8354,3.826,4.5153,4.7221,5.1126,5.0786,4.7837,4.4878,4.8886,4.9576,4.6692,4.5447,3.8982,3.5374,3.1535,3.0447,2.7222,2.4965,2.0952,1.8092,1.3513,1.6243,1.1464
103,-0.045935,-0.21484,-0.38594,0.41194,0.19412,-0.44829,0.28284,0.3506,0.13737,0.61345,0.24247,-0.19275,0.41017,0.45809,0.30551,0.78041,0.25173,1.2162,0.8469,1.0306,1.5316,1.9575,2.158,2.1828,2.561,2.6846,3.2662,3.9549,3.9118,4.4252,4.8244,4.3908,4.6439,5.4326,5.242,4.2795,4.8159,4.5672,4.6355,3.9436,3.6607,3.429,3.1612,3.2681,2.3573,2.2176,1.5708,2.1285,1.9459,1.227,1.0201
103.5,0.14229,0.45162,0.13604,-0.18995,-0.45826,-0.29614,0.075194,-0.12366,0.15731,-0.033524,-0.14219,-0.1237,0.7656,0.64654,0.99961,0.76277,0.61368,1.3046,1.0866,1.3759,1.5334,0.92078,2.564,2.523,2.7781,2.9684,3.3412,3.4082,4.0495,3.7236,4.3891,4.679,4.5819,4.8332,4.4517,4.4322,4.7125,4.714,3.7707,4.272,3.7011,3.5289,2.8896,2.7305,2.9679,2.3844,1.9666,1.7687,1.692,1.4408,1.0733
104,0.33413,0.3003,0.1373,0.035454,0.22424,0.1322,0.37081,0.34191,-0.20788,-0.19508,-0.037299,0.5194,-0.17969,0.49356,0.58325,0.94211,0.78755,0.49338,0.7951,0.93876,1.3657,1.7276,1.7071,2.7874,2.2483,3.3537,3.6069,3.8123,3.6084,4.1674,3.8964,4.7278,4.5618,4.5406,4.323,3.9201,4.2723,4.7883,4.1585,4.0135,4.0128,4.084,3.6481,2.6573,2.0621,3.053,2.7363,1.8378,1.1449,1.5814,1.0498
104.5,-0.027731,0.27738,0.11344,-0.33691,-0.070711,0.2358,0.20499,0.14975,0.37641,0.020575,0.22453,-0.78892,0.15467,0.59964,0.35147,0.44608,0.4119,1.1862,1.234,1.5249,0.99022,1.7121,1.9471,2.2329,2.4282,2.8094,3.4659,2.925,4.3024,4.1593,4.2138,4.6714,4.0915,4.4061,4.5957,5.0152,4.5131,4.5342,4.0494,4.16,4.272,3.797,3.1858,3.115,2.7853,2.468,2.3637,2.0906,1.469,1.469,0.95382
105,-0.27083,-0.071914,-0.0099181,-0.47987,0.28448,-0.79321,0.86572,0.52082,0.016884,0.13032,0.2597,0.044226,0.34376,0.32267,0.43449,0.63311,0.32128,0.88607,1.1052,1.3001,1.4246,2.0798,1.8998,2.3565,2.9698,2.8533,3.2355,3.4265,4.0936,3.8871,4.559,4.3137,4.2131,4.7522,4.4831,4.7345,3.6521,4.3462,4.036,3.6451,3.5561,3.2828,3.1561,2.4661,2.6745,2.6971,2.0892,1.9801,1.8168,1.6315,1.6165
105.5,-0.14375,-0.20672,0.24784,0.23085,0.25876,0.60331,0.054046,0.19724,-0.20011,0.7665,0.065749,0.12577,0.1784,0.16786,0.23819,0.41437,0.29671,0.62774,1.6277,1.4664,1.7486,2.07,2.5313,1.7284,2.1796,2.6002,2.9908,3.3224,3.5421,3.981,4.1328,4.074,3.7628,4.1941,4.353,4.4178,4.0765,4.1435,3.7828,3.8772,3.3539,3.1574,2.7385,2.7945,2.2877,2.5309,2.1018,1.6949,1.2307,1.3591,1.2496
106,0.048743,0.48982,0.15054,0.29222,0.065799,0.23878,-0.18903,-0.068991,0.19765,0.22697,0.31693,0.54564,-0.14858,0.064509,0.52022,0.34707,1.711,1.0073,1.0066,1.0756,1.3085,1.7045,1.99,2.0948,2.4349,3.2093,3.5082,3.4458,3.2282,4.0282,4.5374,4.6485,4.581,4.863,4.4777,4.6247,4.1564,4.3252,4.4698,3.6895,3.3718,3.399,3.0243,3.0001,2.38,2.7464,1.5686,2.0707,1.2223,0.69072,1.1008
106.5,-0.070519,-0.32428,-0.49192,0.015408,0.31816,0.21111,0.066399,0.21133,0.083523,-0.30612,-0.26367,0.1519,0.22726,0.60771,0.67294,0.73891,0.60492,0.42782,1.1409,1.3725,0.71794,1.4241,1.7248,2.2395,2.2446,2.7598,2.9913,3.2806,3.3706,3.6269,3.6965,4.299,4.4779,4.15,4.8626,4.2868,4.7656,3.9923,3.4125,3.9391,3.6598,3.3382,2.8612,2.7602,2.3314,2.1125,2.1837,1.7288,1.6167,1.1447,0.91408
107,-0.34025,-0.10251,-0.984,-0.15937,0.00053301,0.20429,-0.03183,0.17114,-0.56339,0.10423,-0.34327,-0.15229,0.21588,0.73092,0.55157,0.55591,0.67458,0.61746,0.84143,1.3281,1.0011,1.8315,1.7915,2.4243,2.7431,2.2349,2.8421,3.0304,2.9972,3.4615,4.7031,4.3159,4.8283,4.5756,4.1291,4.2123,4.4296,4.2643,3.7973,3.318,4.5271,3.2443,2.9183,2.7702,2.3812,2.2127,2.2933,1.6154,1.0671,1.1507,0.86475
107.5,0.43289,0.35973,0.044438,-0.36615,-0.34298,0.039287,0.14907,-0.046378,-0.054625,-0.058068,0.15157,-0.50723,-0.061743,0.1556,0.79699,0.29946,0.72613,0.88918,1.3815,1.5637,1.3818,1.4904,1.6852,2.0773,2.294,2.8689,3.1052,3.4238,3.8749,4.2833,3.9588,4.4116,4.0949,4.6287,4.6161,4.5757,4.2285,3.8812,3.5029,3.7122,3.9567,3.1529,3.2141,2.9554,2.3384,2.5437,1.011,1.2654,1.1237,0.9384,1.0925
108,0.092659,0.12649,0.19085,-0.26777,-0.34098,0.15321,-0.1415,-0.40595,0.37972,0.53682,0.62377,0.26112,0.4531,0.75041,0.23692,0.87006,0.74626,1.0851,1.0356,1.5591,1.4487,1.1676,2.2965,1.8387,2.7701,2.6422,3.2949,3.5464,3.5827,3.8308,3.9995,3.427,4.1837,3.8853,4.2957,3.8772,3.7927,4.5126,4.1935,3.6768,3.5088,3.1312,3.1126,2.4659,2.6916,2.0462,1.7342,1.6185,1.2037,1.2682,0.8181
108.5,0.14613,0.37299,-0.20392,-0.022129,0.16257,-0.096864,0.18628,0.231,0.4122,-0.06498,-0.12816,0.1102,-0.0283,0.50458,0.075483,1.2301,1.0442,0.80471,1.2278,0.66463,2.1215,1.4156,1.8017,1.5398,2.5103,2.3042,2.9361,3.0029,3.0875,3.3913,3.8924,3.5967,3.8721,4.3667,4.9724,4.311,3.8215,3.8709,3.834,3.5276,3.6815,3.231,3.1775,2.5412,2.7614,2.0459,1.5458,2.2452,0.81636,0.93348,0.77905
109,0.758,0.55014,0.45991,-0.082365,0.75173,0.14398,0.33958,0.11749,0.071298,0.039834,0.089864,0.38251,0.36893,0.32163,0.8716,-0.36643,0.80022,1.0063,1.2997,1.1219,1.4099,1.8687,2.2624,1.9803,2.4151,3.107,2.2323,2.9199,3.8082,3.9152,3.934,3.7971,3.7814,3.9387,4.6041,3.9275,4.0763,3.7055,4.0299,3.4257,3.339,2.6215,2.3851,2.6052,1.9369,2.7014,1.1959,1.3322,1.3519,1.0312,0.62391
109.5,-0.28194,-0.28921,-0.074429,0.6022,0.046958,0.38793,0.19791,0.39695,-0.75492,0.022598,0.543,0.025957,0.7843,0.77213,0.2728,0.36615,0.33513,0.59228,0.57395,1.2558,0.894,1.7345,1.9809,1.5464,2.771,2.7251,3.0588,2.8604,3.5134,3.8809,3.7008,4.4835,4.0089,4.4072,4.1762,4.2406,3.4943,3.9942,3.5097,3.2889,3.8497,3.0236,2.5325,2.4628,1.9153,2.4743,1.5831,1.7115,1.7371,0.97657,1.1029
110,-0.30365,0.74162,0.29236,-0.041365,-0.20857,-0.0015524,-0.056742,0.6479,-0.28365,0.15296,0.14349,0.1598,0.2198,0.28808,0.67032,0.69337,0.75694,-0.13875,1.0219,0.61643,1.5082,1.9764,1.4923,1.9409,2.0976,2.9098,2.8272,3.5682,3.4095,3.5717,3.7045,4.0801,3.4248,4.0401,4.0165,4.2321,3.8898,3.523,3.6861,3.174,2.7076,3.2675,2.972,2.6788,2.6677,1.8193,1.3402,1.5124,1.2095,0.85994,0.90764
110.5,-0.17818,-0.54301,-0.12105,-0.3247,0.092489,-0.16457,0.37818,0.5424,0.28678,-0.35418,0.5987,0.66532,0.25489,0.71577,0.23783,-0.055546,0.39534,1.2807,0.4731,1.0991,1.3082,1.3611,1.6151,2.016,2.0805,2.081,2.8285,3.3339,3.5055,3.2126,3.263,3.7019,4.3675,4.1584,4.1986,4.2316,4.0233,3.8233,3.8369,3.2915,2.82,3.2284,3.1349,2.1717,2.4952,2.498,1.7469,1.269,1.3343,0.93366,0.73502
111,0.1352,-0.47343,-0.42202,0.021799,0.016017,0.13491,0.6067,0.091837,0.26139,-0.18291,0.37569,0.032297,0.26758,0.28227,0.70822,0.10507,-0.069292,0.68837,1.0495,1.1313,1.6515,1.6274,1.5573,1.2719,2.15,2.7849,2.612,2.983,3.3307,3.1081,3.7801,4.2313,3.7969,3.5768,3.918,3.2481,3.9498,3.8758,4.0958,3.3543,3.3267,2.7158,2.6224,2.0185,2.1622,1.8774,1.8157,1.3085,1.3063,0.98517,0.80917
111.5,0.029283,0.019753,0.23937,-0.02038,-0.082538,-0.022796,-0.17081,-0.048241,0.69027,-0.16542,0.059911,0.071606,0.16895,0.21165,0.47715,-0.021177,0.91918,0.93282,0.52483,0.39142,0.97276,1.4048,2.4791,2.108,1.6513,2.2388,2.6798,3.0136,2.7701,3.3298,3.3333,3.3626,3.8789,4.099,4.1414,4.0392,3.6518,3.908,3.6412,3.4103,2.9808,2.7882,2.7176,3.1773,2.2835,1.7612,1.4548,1.3295,1.9186,0.95194,1.1694
112,-0.10767,0.085857,0.24841,-0.15595,-0.17018,0.52872,0.33843,0.29619,0.3161,0.24491,0.74706,0.19869,0.41326,-0.12812,0.141,0.12552,0.9827,-0.031948,0.76584,0.1607,1.0008,1.3119,2.0993,2.0399,1.9164,2.7351,2.6676,2.9123,2.7645,3.0315,3.257,3.6618,3.7772,4.2821,3.9563,3.0066,3.8326,3.2128,3.2146,3.0847,2.9261,2.4883,2.723,1.9917,2.2729,2.5915,1.2845,1.3734,0.49266,0.96813,1.079
112.5,0.22124,0.030618,0.27753,0.77924,0.53557,-0.12609,-0.39282,-0.063587,-0.20517,0.24111,-0.21439,0.16137,0.48851,0.27313,0.09977,0.83218,0.029322,0.62636,0.86302,1.0504,1.2888,1.6242,1.6523,1.7866,2.0172,2.2019,2.8655,2.6711,3.3405,3.2928,3.3046,3.7881,3.489,3.9629,3.857,3.5926,3.8658,3.7665,3.8082,3.5769,3.2337,2.5265,3.3635,1.9639,2.4238,2.026,1.3102,1.4033,1.2106,1.437,0.66121
113,-0.073599,-0.6935,0.53105,-0.30591,0.11968,-0.00013281,0.012585,0.30049,0.57933,0.17984,0.33475,0.27961,0.53942,0.1607,0.70152,0.80692,0.91041,0.51765,0.81414,1.1045,0.80803,1.9017,1.6386,1.9587,1.9398,1.9577,2.4154,2.8952,3.2502,3.2949,3.5221,3.4568,3.8101,4.1695,3.9575,3.9675,3.7494,3.1069,3.1046,3.3827,3.0447,2.9612,3.0992,2.5732,2.4901,1.9014,1.3996,1.4054,0.97744,1.4998,1.1015
113.5,0.16108,0.37801,-0.59553,0.19148,-0.37186,0.027737,-0.052048,0.25534,0.14544,0.50664,-0.044057,0.39143,0.27992,-0.19473,0.098608,0.42292,0.91206,0.84592,0.50364,0.97774,1.8095,1.4389,1.5237,1.9977,2.3157,2.1896,2.7151,2.6957,3.2261,3.2569,3.5202,3.2859,3.3694,3.9621,3.6757,3.7639,3.5238,3.7833,3.1932,3.1652,3.2459,3.146,2.4069,2.914,2.1802,1.5369,1.7321,1.2902,1.334,1.0066,0.87589
114,-0.26862,0.30415,-0.33648,-0.31777,0.13128,0.5104,-0.064828,0.26641,0.39803,0.34623,0.041455,-0.15084,-0.43389,0.21333,0.72297,0.12482,0.78125,0.41297,0.8751,1.2195,0.99132,1.4392,1.4772,2.0388,2.1313,2.3145,3,2.9583,2.7658,3.1405,3.3109,3.4942,4.3282,3.744,3.0429,3.4699,2.9911,3.3711,2.7374,2.9046,2.5166,2.8747,2.5324,2.3881,2.029,1.4085,1.7554,1.9643,1.3116,0.87906,0.41459
114.5,-0.26762,0.14296,0.33216,0.092931,0.26077,0.24148,0.1924,-0.14212,0.12726,-0.15396,0.13837,0.27354,0.72918,-0.10437,0.50941,0.9007,0.79175,0.93923,1.0091,1.3841,0.84815,0.95503,1.5799,1.1562,2.4043,2.6353,2.371,2.6141,2.9143,3.1425,3.3305,3.5945,3.4748,3.8706,3.7421,3.4056,3.9271,3.0195,3.2646,3.4169,2.7189,2.818,2.6638,2.0106,2.013,1.7572,1.4159,2.0609,0.9451,1.2958,0.71471
115,-0.32125,0.037804,0.20483,0.29064,0.48923,0.91239,0.11509,-0.1442,0.21001,0.019444,0.40928,-0.21703,0.93324,0.54178,-0.14478,0.23796,0.80191,1.0337,0.44079,1.1962,0.5756,1.327,1.8958,1.6167,1.5578,2.2847,2.2886,2.8804,2.634,2.8563,2.6451,3.4354,3.4345,3.1866,3.6216,3.8512,3.4181,3.4649,3.3334,2.7267,3.5164,2.5501,2.6666,2.4713,1.9676,1.9638,1.6355,0.92811,1.0598,0.79822,0.68369
115.5,-0.38652,0.3448,0.49057,0.30771,0.40145,-0.074935,-0.15143,-0.17952,0.26645,0.16619,0.10669,0.55853,0.34146,0.029829,0.15167,0.64966,0.86268,0.83783,1.3813,1.4606,1.2777,1.0854,1.1498,1.6438,2.2108,2.761,2.5645,3.0087,2.79,3.2366,3.4581,2.7486,3.3155,3.7841,3.6016,3.1402,2.7105,3.2327,3.1895,2.7845,2.9064,2.8098,2.6403,1.506,1.5903,1.6682,1.7141,1.4834,1.2866,0.85477,0.71371
116,-0.21387,0.23725,-0.2663,0.26914,0.082399,0.014589,-0.15806,-0.35328,-0.12198,-0.0021452,-0.58246,0.10867,0.49455,0.4481,0.20266,0.45362,0.37648,0.7086,1.2642,1.2486,1.2874,1.1725,1.7486,1.232,1.8845,2.3607,2.6311,2.8261,2.9165,2.9532,3.3326,3.0151,3.1434,3.4742,3.5275,2.908,3.5334,3.5327,3.148,3.7241,2.623,2.5166,2.2903,2.1624,1.8613,1.3157,1.3593,1.2907,1.4994,1.6184,1.2026
116.5,-0.22805,-0.20204,-0.03807,0.54932,-0.029833,-0.3705,-0.11188,0.27983,0.2784,0.035589,0.33168,-0.51616,0.24569,0.53269,0.097299,0.18318,-0.023358,1.1327,0.57613,1.0184,1.2983,1.7576,1.4585,1.5547,1.9878,2.5436,2.3281,2.306,2.3307,2.6081,3.3912,3.1638,3.1724,3.198,3.4579,3.341,3.2727,3.6647,3.5932,2.4914,2.891,2.3593,2.3044,2.2509,1.8718,1.7853,1.7062,1.392,0.92276,0.75711,0.36006
117,-0.25167,0.59524,-0.22799,-0.34423,0.11553,-0.0057006,-0.020685,0.47478,0.23527,-0.064531,-0.0022623,0.012954,0.4743,0.17863,-0.1951,0.41419,0.068803,1.3028,0.49264,0.88581,1.1807,1.2011,1.399,1.8217,2.3697,2.3619,2.7931,2.2463,2.8534,2.9841,3.1983,3.6323,3.2468,3.2488,3.55,2.837,3.2419,3.1792,2.8168,3.2546,2.4394,2.5194,2.4373,2.5374,1.9084,1.9757,1.6958,1.3245,0.77609,0.50375,0.81409
117.5,-0.15835,0.28232,0.23325,-0.041771,-0.32801,0.18029,-0.26786,-0.17612,-0.22417,0.051743,0.47459,0.16018,0.076284,-0.18998,0.50422,0.18924,0.55858,0.53326,1.0241,0.87559,1.0718,1.4175,2.0996,1.9407,1.8615,2.1061,2.1629,2.2435,2.5581,2.6694,3.2506,2.8581,3.6718,3.5542,3.3539,3.3287,3.1047,3.2605,3.3809,2.6901,2.2638,2.7393,2.4175,1.7688,1.6678,1.4161,1.2499,1.1743,1.0093,0.72729,0.54498
118,-0.064236,0.056765,-0.085519,0.36104,0.17149,-0.45052,0.19417,0.23244,-0.061628,-0.35642,0.12441,0.15738,-0.12984,-0.17099,0.30812,0.34818,0.39165,0.60656,0.43218,0.78085,1.236,1.1509,0.9477,1.5115,1.5436,2.1591,2.3872,1.9995,2.9178,2.5314,3.4844,3.1254,2.8573,2.9447,3.4106,3.1699,3.2022,3.6238,2.8068,2.883,3.116,2.5781,1.8094,2.2304,1.5155,2.0751,1.2021,2.1465,1.5159,0.67209,0.76884
118.5,0.23044,0.24148,0.14195,0.38892,-0.018062,-0.083615,-0.067464,0.30766,0.17749,0.17838,0.35905,-0.45761,0.29711,0.32667,0.83087,-0.045669,0.97756,0.64636,0.90023,1.4027,1.2308,1.3604,1.504,1.4878,1.8329,1.8385,2.2497,1.7653,2.7854,2.793,2.8783,3.167,2.7611,3.8252,3.2343,3.2027,2.9015,3.1082,3.3952,3.1402,2.913,2.6299,2.1554,1.6179,1.7809,1.5618,1.7457,1.3329,1.5461,1.259,0.61641
119,-0.53425,0.42197,0.41695,-0.39675,0.47137,0.14071,0.084346,0.53396,0.4705,0.28526,0.26095,0.34067,0.081533,0.24132,0.055431,0.30787,0.39407,0.42539,0.7852,0.7916,1.2001,0.73823,1.3795,1.652,1.7254,1.9759,1.7594,2.5424,2.818,2.9424,3.2538,3.123,3.2951,3.253,3.4308,2.733,2.8834,3.5386,2.204,2.7522,2.9753,2.4074,2.1133,2.0663,1.7124,1.6215,1.2082,1.5573,1.4762,0.84857,0.32806
119.5,-0.15292,-0.048977,0.16069,-0.28946,-0.21238,0.17895,0.31736,-0.13757,-0.3337,1.074,0.3525,0.073712,0.45976,0.21731,0.58222,0.45053,0.52518,0.57426,0.30071,1.4592,0.75391,0.8017,1.3321,1.304,1.7805,2.2088,2.5058,2.6497,2.4995,2.7745,3.028,2.4972,3.2836,2.7291,3.7966,3.045,3.0569,2.7936,2.7166,3.4418,2.8732,1.9404,2.6584,2.3603,1.7114,1.6843,1.3912,1.8012,0.79726,0.92136,0.60633
120,-0.42573,0.66363,-0.34556,0.078826,-0.50407,-0.094292,0.16184,-0.19912,0.24148,0.0069311,0.46407,0.56043,0.020551,0.27451,0.37311,0.58351,0.49593,0.65784,0.65277,0.90141,1.4129,1.3885,1.589,1.7896,1.7276,2.0733,1.8543,2.756,1.7241,2.6992,3.2118,2.5778,3.1937,2.9228,3.0343,3.4108,3.1331,2.3766,2.5766,3.0179,2.6936,2.8997,2.6845,1.8748,2.5245,1.5798,1.0896,1.0044,0.34627,1.3488,1.2041
120.5,-0.30052,-0.062299,0.037485,-0.27548,-0.50862,-0.037994,-0.061513,-0.06882,0.13144,0.51541,0.023677,0.20115,0.41219,0.41461,0.1298,0.42168,0.64977,0.2548,1.0958,1.2855,0.79394,1.2379,1.5542,1.3895,1.8962,2.002,1.7124,2.4836,2.1972,2.9733,2.6326,2.9015,3.4473,3.2371,2.7821,2.7837,2.8558,3.0682,2.9414,2.4386,2.177,2.4302,2.0981,2.6,1.7625,2.0972,1.0101,0.70766,0.67455,1.2126,1.2435
121,-0.23057,-0.13218,-0.342,-0.53102,0.23321,0.091708,0.037525,-0.37291,0.55581,-0.065527,0.27327,-0.28822,0.13456,0.33269,0.40834,0.43429,0.62784,0.24678,0.76709,0.87956,1.0677,1.1869,0.9626,1.1385,1.0656,2.174,2.3743,2.5698,2.5879,2.0182,2.4907,2.9644,3.0385,2.983,3.178,3.0533,3.0341,2.7215,3.0933,2.5288,2.0966,2.0853,2.0213,2.2268,1.717,1.4778,0.96975,1.4006,0.80245,0.81526,1.1518
121.5,0.15666,-0.48256,-0.52227,-0.0069759,-0.34635,0.21906,0.046631,0.096142,-0.14899,0.60683,0.96455,0.062738,0.29525,0.27146,0.22846,0.13345,0.14803,0.23798,0.82065,0.67903,0.21233,1.2842,1.3164,1.9188,1.8204,1.4612,1.4307,2.0721,2.2773,2.9081,2.7613,3.2172,2.5632,3.3015,3.2456,2.4065,3.3574,2.9051,2.8816,2.3656,2.8473,1.9321,2.3491,2.1509,1.416,2.1096,1.3971,1.3467,0.5275,1.4701,0.33158
122,0.31145,-0.29259,-0.17722,0.24879,0.32552,-0.3572,0.36067,0.35944,-0.21914,0.56296,-0.32667,-0.042935,0.33069,-0.016846,0.38171,0.45064,0.41152,0.82119,0.62189,0.89402,1.3175,1.3736,1.5472,1.1513,1.8446,1.6176,1.6891,2.238,2.1629,2.8297,2.974,2.2705,2.6754,2.5366,2.8529,3.1111,2.8512,2.6644,3.1197,1.901,2.8052,2.0962,2.05,1.7228,2.1499,1.1265,1.3147,1.2945,0.4901,0.54844,0.64582
122.5,-0.26207,-0.23891,-0.096585,0.20689,-0.085777,0.34742,-0.26621,-0.3302,0.63938,-0.11505,-0.28426,-0.37991,0.5072,0.13386,0.22269,0.32585,0.76571,0.51051,1.385,0.85444,1.28,1.3639,1.2841,1.3013,1.7658,2.0108,1.876,2.2814,2.7749,3.1813,2.9521,3.3649,2.6988,3.1482,3.3561,2.6687,2.7419,3.3274,2.4032,2.1579,2.8623,2.5904,2.1773,1.844,1.5345,1.5618,1.7688,1.1937,1.6114,0.54479,0.6758
123,-0.10804,-0.31984,-0.037655,0.13706,0.1741,0.67473,0.17204,0.38986,0.08054,0.58473,0.8272,0.30026,-0.11542,0.068676,0.37967,0.50592,0.66562,0.69542,0.67544,0.61334,1.0699,1.6648,1.585,1.6195,1.9544,1.7234,1.8699,1.9794,2.3366,2.4019,3.0248,2.6286,2.6109,3.4839,2.7824,2.9472,2.9871,2.4302,3.0329,2.7196,2.8416,1.9999,2.052,1.8464,1.7246,1.0225,1.3121,0.68024,1.0569,0.16547,0.11776
123.5,0.2494,-0.15842,-0.28819,0.39297,0.11491,0.28493,-0.017576,0.84815,-0.1214,0.60365,0.087916,-0.35717,0.32496,0.32485,-0.023969,0.087724,0.44302,0.65536,-0.076219,1.1101,0.78938,0.69505,1.5454,1.4339,1.99,1.9433,1.9968,2.1306,2.4895,2.3731,2.3735,2.9198,2.773,2.8752,3.2084,2.831,2.8208,2.5569,2.7584,2.602,2.6148,2.0026,1.8598,2.0495,1.7006,1.1689,1.6549,0.58488,1.1729,0.41451,1.2306
124,-0.45959,0.35123,-0.016425,-0.09841,0.07203,0.21258,-0.23942,-0.20103,0.25409,-0.4329,-0.070263,1.0497,-0.11253,0.5719,0.11202,0.51258,0.64114,0.88228,0.59664,1.381,0.74928,1.1512,1.321,1.0865,1.5192,1.8379,1.8428,2.8817,2.0639,2.8199,2.8535,2.6986,2.5218,2.5991,2.6904,2.2938,2.4803,2.258,3.0003,2.6516,2.5513,2.326,2.0224,2.2275,1.4216,1.4549,1.4714,0.68446,1.8549,0.79279,0.69922
124.5,0.3808,0.27998,0.019389,0.050466,-0.43504,-0.14422,0.18666,0.17633,0.42483,0.04217,-0.31248,0.45276,0.60649,0.4942,0.23514,0.66871,1.468,0.57139,0.25504,0.59871,1.1022,0.58611,1.2827,1.5195,2.0455,2.1603,2.2073,1.4739,2.5631,2.6471,2.6411,2.1502,2.5138,2.4444,2.206,2.7935,2.5074,3.4568,2.5137,2.8236,1.816,1.9636,1.9769,1.4947,1.4582,1.3398,1.1616,1.6239,1.0279,0.91833,0.81036
125,0.18748,-0.019445,-0.088357,0.06133,0.36305,0.36031,-0.041011,0.27298,-0.00062349,0.087509,-0.039643,0.079564,0.57588,0.24967,0.32129,-0.083188,0.34107,0.45778,0.39176,0.77147,0.77446,1.0783,1.2531,1.1012,1.4457,1.7685,2.279,2.1733,2.0598,2.5249,3.0448,2.9111,2.8769,2.9774,3.2075,3.0824,2.8827,2.9567,2.208,1.9545,2.3055,2.1169,1.7605,1.9929,1.0063,1.2273,1.071,0.56326,1.3515,0.3571,0.46391
125.5,0.27604,0.19917,-0.32468,0.21589,0.10274,0.72207,0.1519,-0.00027263,-0.19992,-0.14689,-0.14659,0.54372,0.17672,0.38876,0.73149,-0.36092,0.81212,0.54021,0.76306,0.50695,0.66546,1.1878,1.9169,1.6717,1.9255,1.666,1.7198,1.836,2.0838,1.7595,2.2836,2.4353,2.6264,2.765,2.8498,2.7209,2.5046,2.0143,2.3284,2.0836,2.3701,2.343,2.1813,1.9506,1.5057,1.214,0.97722,0.58881,1.1894,0.70295,0.25856
126,-0.24435,-0.2548,0.02058,0.33125,-0.088786,-0.65387,-0.026414,-0.0052811,-0.01115,-0.1128,0.16512,0.15059,0.16175,0.34025,0.14482,0.19634,0.83717,0.68489,0.87277,1.1139,1.0387,1.3068,0.71276,1.4149,1.4718,2.2055,2.1545,1.8554,2.3145,2.3962,2.6063,2.2654,2.7537,2.6231,2.7918,2.4743,2.4702,2.9232,2.1545,2.0525,2.1871,1.8129,1.6107,1.7336,1.075,1.0511,1.8027,1.166,0.65683,0.87145,0.7948
126.5,0.30188,-0.032925,0.30053,-0.60066,-0.30148,0.070778,0.12885,-0.23247,0.13345,-0.11265,0.015557,0.43656,0.43978,-0.085346,-0.046804,0.21471,0.40985,0.31329,0.92912,0.84103,0.99179,0.63552,1.522,0.49078,1.7579,1.9613,1.7232,2.4011,2.1563,2.3355,2.5412,3.4951,3.0162,2.8685,2.3996,2.7012,2.3689,2.7857,2.4814,1.9794,2.1996,1.7643,1.8982,1.4232,1.5158,1.5619,1.1558,0.8981,0.93084,0.94587,0.28469
127,0.08171,0.40042,0.17958,0.028062,0.20715,0.1571,0.25567,-0.56663,-0.4111,0.37503,-0.35416,0.24798,0.059406,-0.08774,0.37191,0.39417,1.0458,0.31687,1.0413,0.83339,0.66085,1.2426,1.327,1.331,1.5689,1.4811,1.5822,2.2219,2.0811,2.2639,2.493,2.5872,2.1516,3.011,2.6766,2.5643,2.7097,2.5785,2.6391,2.4493,2.3636,2.3993,2.0949,1.6119,1.152,1.8205,1.0858,0.86082,0.33804,0.82911,0.65385
127.5,-0.45107,0.14107,-0.14207,0.8177,-0.15577,-0.10948,-0.23321,0.42341,-0.057579,-0.14481,0.3083,-0.28817,0.3505,0.74291,0.43368,0.52108,0.66858,1.011,0.96466,0.85052,1.1197,0.72463,1.3758,1.0022,1.3604,0.71476,1.9276,1.7762,2.4549,2.3766,2.7163,2.1513,2.8599,3.2243,2.8367,2.8296,2.5992,2.319,2.6074,1.8077,1.9962,1.438,1.596,1.8321,1.622,1.319,1.1939,0.42454,0.73662,0.51413,0.4039
128,0.1833,-0.25312,-0.17411,-0.61565,-0.073387,-0.30553,0.052622,-0.24578,0.084943,0.028355,0.59663,0.27354,-0.39094,-0.17356,0.27698,0.046663,-0.48801,0.89673,0.81028,0.86598,0.65575,1.1064,0.91738,1.3491,1.176,2.0741,1.3137,2.3146,2.1069,2.0846,2.3996,2.6657,2.9267,2.6543,2.3078,2.577,3.0618,2.85,2.6222,2.4702,2.305,2.2925,1.6477,1.2126,1.4728,1.0423,0.81208,0.76192,1.5834,0.75045,0.70272
128.5,-0.36333,-0.54816,-0.23851,0.4418,0.11495,0.20014,0.25007,-0.13835,0.4693,-0.11897,0.5157,0.25552,-0.37777,-0.021055,-0.2783,0.67056,0.39008,-0.18275,0.69956,0.53972,0.38239,1.4693,1.1469,1.1836,1.3143,1.1451,1.3712,2.3062,1.927,2.2104,1.7071,2.0199,2.6684,2.6419,3.0691,2.9314,2.4162,2.5572,2.2254,2.8202,2.4139,1.9716,1.8226,2.0324,1.608,1.7391,0.45648,1.1042,0.67282,1.2277,1.0507
129,0.013193,0.46559,0.54205,0.032534,0.75606,0.010905,-0.036208,0.29834,-0.05388,0.095591,0.5155,0.12707,-0.35153,0.31102,0.045103,0.57716,0.60142,0.92114,0.8518,1.0192,0.61652,1.1951,1.6914,1.0492,1.9563,1.4144,1.4851,1.9857,2.2583,2.4499,2.003,2.5157,2.2489,2.0505,2.2329,2.2719,2.6111,2.731,1.8496,2.282,1.6905,2.0855,1.5538,1.2637,1.6562,1.0797,1.0059,0.28786,1.1011,0.93837,0.58112
129.5,-0.45497,0.36766,-0.19285,-0.12592,0.70792,-0.19104,0.25046,0.20672,0.16866,0.15372,0.20444,0.20138,0.13945,0.65171,-0.14296,0.62007,0.63439,0.68328,0.90744,0.65579,0.24641,0.92041,0.78979,1.0207,1.026,1.4164,1.5401,1.16,2.2282,2.8155,2.445,2.2948,2.4077,2.3398,2.5073,2.455,2.1718,2.8605,1.8169,2.3649,1.9877,2.4435,1.8213,1.4515,1.3244,1.2521,0.74422,0.71195,0.27154,0.4066,0.60046
130,0.093312,-0.58901,-0.034221,0.17898,-0.034748,-0.17033,-0.096195,-0.12461,-0.14005,0.12041,0.78269,-0.1048,0.057656,0.18035,0.041514,0.63921,-0.3284,0.30855,0.81073,0.58685,0.55082,1.0626,1.3455,1.288,1.141,1.6771,1.5771,2.0736,2.438,1.341,2.2683,1.8057,3.1265,2.2951,2.6734,2.4249,2.1531,2.0498,2.7107,2.4094,2.5761,1.8666,1.784,1.46,1.2952,0.91218,1.0988,0.69354,0.92957,0.72601,0.65148
130.5,0.50576,-0.0065906,0.23387,0.62529,0.40594,0.36551,-0.064894,0.10605,-0.34515,0.21709,0.1716,0.12385,0.45936,-0.1689,0.7351,0.57642,0.35692,0.41744,0.7024,1.1229,0.81765,0.96205,1.0657,1.7442,1.2536,1.5122,2.1157,1.8712,2.3094,1.8229,2.1456,2.7429,2.1614,2.3599,2.4961,2.1085,2.2401,2.3313,2.2212,2.4804,2.4307,1.5702,1.71,1.7233,1.8191,1.4251,1.1475,1.1187,0.98923,0.38831,0.616
131,0.44093,-0.057541,0.045605,-0.063041,-0.68038,0.025494,0.11731,-0.11706,-0.29668,-0.19761,0.31741,0.70714,0.56405,-0.21228,0.49799,0.10314,0.19873,0.31773,0.7631,0.94618,0.74798,0.8831,1.1864,1.365,1.7001,1.1169,1.6618,1.484,1.9286,2.0024,2.1658,2.0291,1.8887,1.7471,2.3497,2.2461,2.1321,2.6657,1.922,2.4953,2.431,1.2191,1.6835,1.3822,0.47367,0.76112,1.2795,1.5131,1.0481,0.75544,0.54483
131.5,0.50794,0.64908,-0.16937,-0.5904,-0.61585,0.41564,0.012326,0.09121,-0.4881,-0.16021,-0.0015884,0.17631,0.027887,-0.12254,0.0032326,0.66083,0.44221,0.6343,0.27477,-0.23592,0.6108,0.63618,1.1388,2.1655,1.5391,2.3043,1.8059,1.593,2.0241,2.5788,2.7016,2.0682,2.3819,1.9171,2.6068,2.8119,2.3178,2.0406,2.2608,2.1698,1.944,1.8355,1.5831,1.7823,1.5513,0.88475,0.73088,0.81977,0.98872,0.69459,0.35144
132,0.081556,-0.094692,0.27075,0.10939,-0.081147,0.088296,0.42063,-0.1351,0.16928,0.043795,0.21407,-0.083831,0.17873,0.51866,-0.045463,-0.10419,-0.023243,0.093853,0.71626,0.22039,0.66883,1.0705,1.1463,1.0494,1.3713,1.4972,1.5477,1.6966,2.5665,2.262,2.8702,2.0639,2.2518,1.9171,2.0872,2.8873,2.1207,2.7888,1.753,1.7031,1.7935,1.7407,1.8918,1.6003,1.1891,1.125,0.92549,0.61055,0.49175,0.95046,-0.010829
132.5,0.48827,-0.098404,-0.22523,0.23128,0.45884,0.3539,0.17635,0.3614,-0.46707,-0.092423,-0.18844,0.47853,0.02878,0.43762,0.39347,0.032278,0.18358,0.82767,0.29834,0.67163,0.51402,0.77984,0.99474,0.91576,1.0096,1.5328,1.3415,1.4948,1.5906,1.9707,2.3827,2.6374,2.0312,2.9331,1.9997,2.613,2.0325,1.9242,1.8762,1.9783,2.0463,1.9389,1.3116,1.1499,1.0226,1.1171,0.94548,0.58891,0.8296,1.3129,0.37953
133,-0.12703,0.17234,-0.1612,0.20993,-0.20246,0.56801,0.1289,-0.1511,-0.12932,-0.09081,0.49568,-0.27086,-0.058345,0.013214,0.22511,0.20602,-0.092167,0.31412,0.49452,0.43786,0.94551,1.139,0.97255,1.2055,0.63326,1.3026,1.8765,1.5893,1.6279,2.6526,2.6192,2.2986,2.5627,1.5918,2.0363,2.1186,2.1503,2.0114,1.3085,2.0851,2.0121,2.1969,1.3385,1.1678,0.47752,1.0482,1.2663,0.67957,1.3825,0.54927,0.56845
133.5,-0.40594,0.09055,-0.58743,0.21723,0.23027,0.42593,-0.28084,0.082639,0.21584,0.19523,-0.17678,-0.6092,0.24436,0.1337,0.056965,0.51297,0.33731,0.032912,-0.061561,0.27982,1.4482,1.0693,1.0403,1.0677,1.1914,1.7613,1.4083,1.8681,1.7216,2.5269,2.2704,2.5052,2.0181,2.5489,2.1505,2.2645,2.684,1.8187,2.1087,2.0763,1.9821,1.5598,2.1813,1.0226,1.7033,1.4867,1.5539,0.37592,0.46959,1.066,-0.045276
134,-0.47899,-0.14216,0.06388,0.48668,-0.042798,-0.16455,0.11826,0.17492,0.17849,0.0083704,-0.50474,-0.16823,0.56461,0.23335,0.12739,0.61571,0.0073963,0.35574,0.55277,0.47842,0.75145,0.78554,0.55167,1.1627,0.85143,1.4433,1.9484,1.5897,1.452,1.8826,1.7727,2.2834,2.1218,2.7167,2.5653,2.1578,2.3809,1.9871,2.0325,1.8123,2.0333,2.1039,1.7757,1.6702,1.5268,1.2736,0.62963,1.3521,1.2625,0.54062,0.4002
134.5,0.18664,0.16952,-0.05438,-0.36611,0.10433,0.18313,0.24228,0.13841,-0.035789,0.3592,0.10052,-0.033756,0.082614,-0.34877,0.16669,0.48331,0.44406,0.87429,0.4262,0.74943,0.95008,1.5343,1.0028,0.78125,1.4888,1.9361,1.4203,1.9055,2.1496,2.202,2.0349,1.8694,2.1149,2.314,2.4614,2.2766,2.0253,2.2455,2.2552,2.0107,1.5301,1.5988,1.8014,0.96139,0.60641,1.5469,1.1128,1.0134,0.38916,0.82446,0.58763
135,-0.47242,0.43151,0.053732,-0.11004,-0.10093,-0.58709,0.20223,0.11176,-0.013245,0.44379,-0.33539,-0.074624,-0.11989,0.089212,0.23885,0.40235,0.23379,0.14969,1.0046,1.3192,0.7464,0.59403,1.3901,0.64688,1.1186,1.1504,1.1504,1.5487,1.4996,1.8771,1.9806,1.8667,2.0016,2.0801,2.4047,2.1048,2.3602,2.2288,2.1439,2.2896,1.4231,1.4907,2.0272,1.282,0.37449,1.02,0.98791,0.035883,1.1035,0.38159,0.59735
135.5,-0.064954,-0.38234,-0.3151,-0.27184,0.33801,-0.027,-0.13263,-0.24759,0.40327,0.49875,0.4342,0.25084,0.22038,-0.19408,0.14215,0.064788,-0.21397,0.72488,0.28387,0.94713,0.9592,0.97788,1.1196,0.88289,1.7613,1.3553,1.5702,1.4177,1.4577,1.9932,2.0132,1.7908,1.655,1.7417,2.4937,1.9387,1.9848,2.4627,1.6112,1.6319,1.5064,2.0978,2.0776,1.5678,1.4389,0.89333,1.5199,0.89113,0.95056,0.55665,0.41217
136,0.50172,0.16603,0.44139,0.085171,-0.24235,-0.15796,0.05452,-0.15557,-0.28837,0.41918,-0.085667,0.14329,0.22061,-0.0078632,0.64846,-0.06855,0.40802,0.47653,0.47022,0.19196,0.94729,1.0238,0.72142,1.2665,1.3014,0.9415,1.2051,1.9339,1.8083,1.6578,1.6662,1.8478,1.9272,1.8425,1.5858,2.4383,2.3518,1.6204,1.9646,1.5564,1.637,1.4889,1.3329,1.9265,1.0568,0.8117,0.69527,1.1139,0.19037,0.35221,0.92051
136.5,0.075966,0.061643,0.64555,0.082371,-0.20045,-0.067787,-0.31729,0.40876,0.21569,0.39535,0.44072,-0.023698,-0.15329,0.15097,-0.051261,0.31277,0.66507,0.34725,0.52545,0.54566,0.91834,0.59051,0.25368,1.1824,1.4706,1.4431,1.251,1.2321,1.8425,1.8468,1.8621,2.5243,1.751,2.6028,2.0917,1.5196,1.9812,2.2654,1.7903,1.3619,1.6448,1.3154,1.5906,1.5412,0.85729,0.82934,1.1396,0.53315,0.35283,0.22018,0.58604
137,0.095483,-0.2012,0.0073537,0.4665,-0.28036,-0.5689,0.15957,-0.001538,-0.17022,0.25293,0.32764,-0.56317,-0.067258,0.85968,0.38297,0.46284,0.67327,0.39788,0.71349,0.78211,0.83081,0.68442,0.95289,0.85168,1.1635,0.9424,1.188,1.4684,1.39,1.6304,1.827,2.0737,2.2945,1.9054,2.4568,2.3261,2.1609,1.9991,1.9719,2.138,2.0402,1.9535,1.4376,1.4594,1.5626,0.84104,0.80571,0.78579,0.93894,0.84121,0.4052
137.5,-0.44988,0.077822,-0.26974,-0.43872,-0.36745,0.11433,0.43107,0.042858,0.10567,0.41146,-0.38841,0.25414,0.12345,0.3322,0.060323,0.011399,0.35956,0.88263,0.72686,0.40734,0.2585,0.2667,1.2849,0.7289,1.0476,1.6733,0.92332,1.9814,1.5763,1.4152,1.7787,1.7119,2.117,1.8247,1.4573,1.953,1.5778,1.99,1.4968,1.6134,1.7071,1.47,1.4826,1.4809,0.7978,0.99606,-0.10881,0.84548,0.57051,0.26458,0.56328
138,0.35448,-0.13889,-0.27776,0.057662,-0.38912,-0.1819,0.3892,0.049456,-0.52211,-0.48321,0.12263,0.35558,-0.35994,0.29528,0.60192,0.81995,0.41283,0.5351,-0.17719,1.1826,0.47993,0.4817,0.80246,1.4563,1.7934,1.2987,1.6894,1.5277,1.3205,2.181,1.6433,2.3654,2.3497,2.1783,2.5542,2.6638,1.9075,1.6621,1.2706,2.4113,1.4999,1.8552,1.1676,1.7225,0.92092,0.64525,0.81643,0.60217,0.83144,0.53725,0.65105
138.5,-0.084671,-0.19566,-0.16945,0.62154,0.078973,-0.57911,-0.13386,0.05948,0.59483,0.3638,-0.20343,0.82117,0.11444,0.53227,-0.1462,-0.46901,-0.11296,-0.5968,1.0906,0.61019,0.36708,0.88806,0.9249,1.1766,1.4798,1.1584,1.1088,1.7442,1.8522,1.7466,2.4604,1.7498,1.6658,2.0947,1.7781,2.118,1.6859,1.761,2.3744,1.5947,1.3719,1.8471,1.0574,1.0375,1.2899,1.2718,1.2342,0.52807,0.82324,0.40597,0.2753
139,0.36357,-0.16105,0.089005,0.054627,-0.30995,0.30564,0.19001,-0.56584,0.12393,-0.17738,0.4013,-0.33915,0.015311,0.26501,0.21411,0.47622,-0.1498,0.86917,0.60889,0.94697,0.89874,0.73945,0.47206,0.80898,1.5799,1.6455,1.1698,0.63183,1.5277,1.6087,1.7098,2.0163,2.1746,2.2419,2.0897,1.4046,1.8094,2.549,1.897,1.8054,1.6994,1.6019,0.64073,1.158,1.0917,1.3625,0.87158,0.24894,0.76546,0.29788,0.086284
139.5,-0.24768,0.16652,0.3831,0.15273,0.20075,0.15753,0.052049,0.23875,-0.68544,0.087159,-0.2422,0.44217,0.076589,0.16374,-0.25617,0.54931,0.49012,0.53604,0.20183,0.30026,0.69564,0.52535,0.97714,0.31762,0.9431,1.7536,1.4707,1.509,2.1673,0.9732,1.518,1.7143,2.1455,2.1834,1.6719,2.2201,1.767,2.1982,1.4528,1.637,1.4247,1.7758,1.182,1.2019,1.2414,1.1294,1.1127,0.79701,0.50306,0.42742,0.45342
140,0.077416,-0.040425,0.011168,-0.44742,0.21121,0.069759,0.32194,0.029349,-0.48182,-0.05437,0.010412,0.31501,-0.50185,0.16489,0.34703,0.042777,0.32056,0.17626,0.22133,0.40322,0.40755,0.92967,0.61566,0.68303,1.6062,1.4878,0.76376,1.2114,1.625,1.7503,1.2935,2.1594,2.1121,2.0414,2.3148,2.0325,1.9991,2.2792,2.071,1.4007,1.7422,1.2416,1.4734,1.3425,0.66076,0.91731,0.9157,0.59367,0.71514,0.76749,0.431
140.5,0.069887,0.41871,0.1473,0.067908,-0.27656,0.21654,0.12016,0.41406,0.053265,-0.49238,-0.44052,0.3117,-0.053304,0.28168,0.2248,0.18817,0.26556,0.10023,0.43,0.34386,0.50137,0.61849,0.75775,1.2187,1.0235,1.4917,1.7671,1.6794,1.6933,1.7307,1.9786,1.8162,2.1367,2.0575,1.7761,2.142,1.8688,1.7575,1.5762,1.6825,1.8319,1.6896,1.4118,1.3645,1.444,0.89703,0.49111,1.1059,0.45408,0.31209,-0.10415
141,0.17386,-0.4828,-0.2198,0.18404,0.22731,-0.18047,-0.019392,-0.2332,-0.1258,0.13172,-0.08184,0.016601,-0.32312,0.48866,0.34118,0.47314,0.67794,0.10781,0.32181,-0.05569,1.5476,0.66182,1.1271,0.5589,1.3482,1.7272,1.2715,1.102,1.4723,0.94435,1.6863,2.0134,1.8078,1.7648,2.0189,2.0312,1.3205,1.7938,2.4285,1.2119,1.4883,1.9878,1.6208,1.0159,1.1111,0.92969,0.59106,0.68439,0.52141,0.54656,0.2048
141.5,-0.38054,-0.0087953,0.51974,0.032132,-0.088881,0.24108,-0.026901,0.58863,0.03706,0.26136,-0.15858,0.23968,0.19738,0.12997,0.035298,0.040936,0.37191,0.53964,0.38585,0.59257,0.58653,0.72747,0.74524,0.92418,1.8456,1.2489,1.4671,1.5192,1.4163,1.9806,1.5893,2.0617,1.6956,1.539,1.9471,1.4956,1.9566,1.3869,1.5809,1.1628,2.3424,0.89162,1.2765,1.4984,1.3471,1.1742,0.71018,1.1032,0.8719,0.57006,0.49615
142,-0.088762,-0.26935,0.37629,0.40104,-0.25477,-0.031462,-0.022688,0.018075,0.057047,0.33463,-0.15721,-0.16626,0.48441,0.0063079,-0.19539,0.083919,0.18462,0.81309,0.69618,0.84436,0.83647,0.97312,0.58895,0.8478,0.72639,1.0779,1.463,1.411,1.87,1.2301,1.8058,1.349,1.8018,2.0264,1.7504,1.9697,1.4857,1.2244,1.8229,2.0958,1.1777,1.7372,1.2707,0.7403,0.68389,0.91209,0.67401,0.29535,0.082243,0.24606,0.47686
142.5,0.00046441,-0.14687,0.065646,0.3193,0.12857,-0.021902,0.29851,-0.26043,-0.030186,-0.010384,-0.30496,-0.039404,-0.51048,0.71695,-0.099987,0.70244,0.29153,0.51176,0.26689,0.55627,0.77829,0.88005,1.0179,0.78561,0.86654,0.6486,1.3991,1.6783,1.943,1.6446,1.4053,1.193,2.0641,1.243,1.69,1.7146,1.7307,1.7128,1.6766,0.82843,1.4626,0.68467,1.4618,0.9603,0.36352,0.65182,0.61444,1.0379,0.64211,0.5972,0.76788
143,-0.026488,0.22971,0.21017,-0.37874,0.4521,-0.41178,0.29505,-0.42794,0.2172,0.6079,0.0014119,0.0085764,0.29375,0.0427,0.72447,0.28145,0.18058,0.17596,0.12851,0.29943,0.4707,0.52594,0.57828,1.5146,0.68907,1.1568,1.4044,1.5258,1.4225,1.4615,1.7504,1.7609,1.6521,1.2912,1.6295,1.4158,1.5297,1.6909,1.7225,2.0679,1.2789,1.5691,1.3185,1.5016,1.1709,0.58241,0.25879,0.76558,0.41734,0.19364,0.028102
143.5,0.050618,0.45573,-0.11765,0.18419,-0.0206,-0.37268,0.24003,-0.30156,0.042857,-0.053746,0.33242,-0.23302,0.22651,-0.11218,0.023431,-0.86955,0.90082,0.49901,0.17311,0.1443,0.42005,0.87894,0.19847,0.8315,1.5169,0.75885,1.2356,1.9811,1.6118,1.5525,1.7468,1.5398,2.0982,1.6181,1.1602,1.6205,1.4183,1.5757,1.5171,1.8739,1.6308,1.3991,1.2105,0.78136,0.33133,0.90791,1.0045,0.63136,0.40827,0.62103,0.3783
144,0.50802,0.37319,0.29274,0.23434,-0.3771,0.21286,0.13224,0.20844,0.1837,0.18393,0.87395,0.060517,0.38879,-0.0032721,0.41176,0.50006,0.37913,0.83047,0.13302,0.32954,0.62539,0.91987,0.81041,1.2489,0.77495,0.74321,1.2888,1.2806,1.5674,1.4877,1.473,1.617,1.6958,1.6249,1.6653,1.5953,1.9441,1.6977,2.252,1.5441,1.2393,2.1049,1.3205,1.3824,1.1511,1.05,0.91725,0.32498,0.67192,0.078234,0.34598
144.5,-0.21542,0.11057,0.10507,0.15128,0.09602,-0.16826,-0.059194,0.3023,0.35583,-0.29653,-0.39638,-0.13573,0.42011,0.50078,-0.10502,0.30775,0.81678,0.4502,0.81981,0.76942,0.28164,0.59049,0.75761,0.88364,1.2363,1.1945,0.30067,0.89369,0.73087,1.5299,1.6276,1.7041,1.3785,1.8973,1.9196,1.3185,1.2263,1.6191,2.093,1.9872,1.5561,1.0685,1.4476,0.93616,0.73109,0.20919,0.77787,0.45851,0.58361,-0.22002,0.44429
145,-0.7271,0.32967,0.16134,-0.076754,0.17852,-0.27981,0.040582,0.26429,-0.89326,-0.08725,0.055327,0.022426,0.54236,-0.20255,-0.016091,-0.36188,0.71622,0.24767,0.25695,0.44822,0.73868,0.74365,1.5323,0.97799,0.80985,0.89018,1.049,0.821,1.3818,1.694,1.3521,1.3568,2.1002,1.246,1.0632,1.3281,1.1833,1.7149,1.4279,1.393,1.7157,1.0641,1.3994,1.512,0.8127,1.0629,0.66533,0.91665,0.076347,-0.029705,0.27108
145.5,-0.26447,-0.15177,-0.061146,0.22276,-0.11271,-0.23371,-0.086819,-0.20521,-0.24561,-0.43757,0.082192,-0.090308,0.3938,-0.30127,0.0055165,0.75411,-0.022013,0.2466,0.018893,0.053671,1.0052,0.68281,0.76884,0.32246,1.0452,1.3927,1.4972,1.4563,1.014,1.5348,1.7173,1.0408,1.2886,1.9196,1.9255,1.1886,1.8635,1.6077,1.7514,1.2505,1.5464,1.5089,1.047,1.0507,0.74305,1.3268,0.69263,0.35487,0.32624,0.49622,0.60963
146,-0.39856,0.55751,0.097257,0.14661,-0.019688,0.019055,-0.026081,0.33056,0.031787,0.27587,-0.069567,0.138,-0.13855,0.49625,-0.084071,0.11013,0.16215,0.20743,0.59563,0.35751,0.95246,0.37811,0.77049,0.58829,1.0523,1.0277,1.0915,1.5967,1.1397,1.5989,1.2675,1.5933,1.2462,1.4339,1.6174,2.177,1.6351,2.0559,1.5643,1.3068,1.7978,1.3713,0.94522,1.1736,0.83819,0.2243,1.0005,0.95212,1.0857,0.57914,0.30425
146.5,0.25265,0.25811,0.49608,-0.0067946,-0.040322,-0.20155,0.17941,-0.43957,0.26657,0.22154,0.23536,0.11979,0.56125,0.39126,-0.018133,0.02829,-0.010449,0.47511,0.074132,0.7719,0.92454,0.3522,0.65507,0.81582,1.1797,1.5024,0.61827,1.1293,1.2396,0.98506,1.3341,1.6685,1.5013,1.149,2.4839,1.6922,1.6184,1.2108,1.5578,1.356,0.75288,0.90367,1.3624,1.6028,1.0246,1.1417,0.664,0.58993,0.85493,0.94571,0.76449
147,-0.31778,-0.01696,0.087796,-0.071392,0.12559,0.25912,0.31879,0.53036,-0.06551,-0.36458,0.16656,0.64249,-0.042999,0.33411,0.37068,0.25993,0.25238,0.028847,-0.31497,0.10778,0.404,0.93748,0.67097,0.64505,0.63582,1.204,1.5175,1.5286,1.4849,0.94512,1.3557,2.1052,1.9018,1.1311,1.5848,1.7013,1.3366,0.82825,1.4909,1.1515,1.0679,1.1031,1.0698,1.0042,0.63791,0.73468,0.17467,0.70155,-0.3358,0.35448,0.64527
147.5,-0.3157,0.21802,0.3512,-0.98594,-0.036288,-0.84994,-0.017736,0.02214,-0.71185,0.62153,0.14416,-0.17832,0.53846,-0.41222,-0.20881,-0.48986,0.78751,0.40178,0.56276,0.52615,0.68675,0.62412,0.77447,0.82309,0.70932,0.98046,1.1782,1.2277,0.84353,0.96707,1.7679,1.41,1.7212,1.2449,1.1396,1.3195,1.479,1.3026,1.8313,1.4244,1.8415,1.3158,0.37239,1.3113,0.43902,0.85996,0.46077,1.2435,0.94649,0.21329,0.32672
148,0.075458,0.26207,0.013173,-0.30112,-0.20626,0.011285,0.38784,0.15234,-0.19952,0.23804,-0.058463,0.34256,0.85573,0.017242,0.39844,-0.026121,0.21045,0.30719,0.3023,1.1693,0.41625,0.76929,0.10555,0.91059,1.2234,0.82382,0.32948,1.1681,1.276,1.5708,2.0284,1.3694,1.2697,1.2029,1.6214,1.6968,1.3629,1.7171,1.5648,1.3665,1.0002,1.0351,0.35361,1.0528,0.88871,0.83752,0.83586,0.70897,0.4751,0.44503,-0.060902
148.5,-0.17306,0.018154,-0.21638,0.26432,-0.18869,0.077364,0.052258,0.24757,0.30233,0.2512,-0.57489,0.43275,0.5546,-0.021298,0.22699,-0.072206,-0.34342,0.073003,0.19388,0.31864,0.21424,0.36584,0.67277,0.54022,1.0329,1.1744,1.7832,1.5027,1.328,1.1506,1.4956,1.563,1.3536,1.7689,1.1231,1.4604,1.6744,1.3788,1.3454,1.2954,1.0044,1.5172,0.76368,1.0653,0.99396,0.48669,0.69799,0.31297,0.91921,0.083445,0.15975
149,-0.36524,-0.40433,0.48168,0.16903,0.050873,-0.18466,0.28936,-0.22387,0.26979,-0.2193,-0.13714,0.30106,0.35436,0.30105,-0.16085,0.058602,0.28517,0.036173,0.76279,-0.30077,0.26206,0.42572,-0.18551,0.34284,1.0467,0.96694,1.5278,1.6141,1.3694,1.4141,1.4097,0.65031,1.0705,1.5449,1.7082,1.6016,1.2211,1.7281,1.8347,1.6015,1.5364,0.98278,1.3786,1.0016,1.0125,0.87132,0.63122,0.32058,0.47103,0.71583,0.21905
149.5,0.27001,0.22406,-0.085417,0.42276,-0.097988,0.46503,0.1471,0.018347,-0.23504,0.015447,-0.0056167,-0.30483,0.028745,-0.12085,0.32794,0.58211,-0.13294,0.80104,0.30857,0.12209,0.71685,0.43747,0.63486,0.63096,0.60338,1.1632,0.95681,0.70527,1.3894,0.94205,1.0267,1.7866,1.1115,0.80093,1.6913,1.4047,1.4051,1.3345,1.4422,1.0779,1.6669,0.69339,1.1762,1.1386,0.62049,0.44511,0.96452,0.27413,0.30751,0.68078,0.35755
